SS12 0JB,51.6119990000,0.4981740000
SS12 0JD,51.6133710000,0.4954180000
SS12 0JE,51.6143140000,0.4950360000
SS12 0JF,51.6150390000,0.4948020000
SS12 0JG,51.6163080000,0.4928050000
SS12 0JN,51.6157160000,0.4954750000
SS12 0JP,51.6156100000,0.4996440000
SS12 0JQ,51.6170000000,0.4934790000
SS12 0JR,51.6167320000,0.4976540000
SS12 0JS,51.6166750000,0.4990380000
SS12 0JT,51.6140460000,0.4987490000
SS12 0JU,51.6138140000,0.4978550000
SS12 0JW,51.6160250000,0.4962680000
SS12 0JX,51.6107130000,0.4964860000
SS12 0JY,51.6109350000,0.4944900000
SS12 0JZ,51.6095740000,0.4931440000
SS12 0LA,51.6090550000,0.4907330000
SS12 0LB,51.6100070000,0.4907990000
SS12 0LD,51.6076530000,0.4927790000
SS12 0LE,51.6046270000,0.4946780000
SS12 0LF,51.6089290000,0.4924160000
SS12 0LG,51.6095610000,0.4953260000
SS12 0WH,51.6168670000,0.4916950000
CM4 9HU,51.6888000000,0.4135180000
CM4 9HX,51.6894070000,0.4157170000
CM4 9HY,51.6830710000,0.4023740000
CM4 9HZ,51.6889670000,0.4160890000
CM4 9JA,51.6897370000,0.4178070000
CM4 9JB,51.6913090000,0.4200610000
CM4 9JD,51.6906030000,0.4198980000
CM4 9JE,51.6893730000,0.4167170000
CM4 9JF,51.6887670000,0.4177270000
CM4 9JG,51.6889380000,0.4199200000
CM4 9JH,51.6885940000,0.4200320000
CM4 9JJ,51.6852380000,0.4181570000
CM4 9JL,51.6822590000,0.4173910000
CM4 9JN,51.6895960000,0.4198250000
CM4 9JP,51.6897930000,0.4233810000
CM4 9JQ,51.6881360000,0.4191400000
CM4 9JR,51.6888700000,0.4273940000
CM4 9JS,51.6913060000,0.4328530000
CM4 9JT,51.6920900000,0.4349200000
CM4 9JU,51.6876780000,0.4438570000
CM4 9JW,51.6892750000,0.4234510000
CM4 9JX,51.6824470000,0.4339950000
CM4 9JY,51.6851880000,0.4351580000
CM4 9LD,51.6630700000,0.4502370000
CM4 9LE,51.6628430000,0.4479860000
CM4 9LF,51.6627890000,0.4475350000
CM4 9LG,51.6637920000,0.4438720000
CM4 9LH,51.6636340000,0.4434710000
CM4 9LJ,51.6628510000,0.4432720000
CM4 9LL,51.6619130000,0.4446100000
CM4 9LN,51.6622160000,0.4474460000
CM4 9LP,51.6631140000,0.4470750000
CM4 9LQ,51.6637480000,0.4429590000
CM4 9LR,51.6621120000,0.4513420000
CM4 9LS,51.6624130000,0.4504930000
CM4 9LT,51.6611340000,0.4484430000
CM4 9LU,51.6611070000,0.4475450000
CM4 9LW,51.6888900000,0.4165900000
CM4 9LX,51.6603550000,0.4467500000
CM4 9LY,51.6630960000,0.4496340000
CM4 9LZ,51.6591370000,0.4480180000
CM4 9NA,51.6648510000,0.4519600000
CM4 9ND,51.6649830000,0.4506030000
CM4 9NE,51.6633730000,0.4523240000
CM4 9NF,51.6653310000,0.4487680000
CM4 9NH,51.6611530000,0.4500780000
CM4 9NJ,51.6628810000,0.4422620000
CM4 9NQ,51.6618840000,0.4465320000
CM4 9NZ,51.6566400000,0.4008630000
CM4 9PA,51.6603880000,0.4088410000
CM4 9PB,51.6571110000,0.4229960000
CM4 9PD,51.6554790000,0.4319160000
CM4 9PE,51.6557130000,0.4332150000
CM4 9PF,51.6756660000,0.4633130000
CM4 9PG,51.6555200000,0.4416050000
CM4 9PH,51.6511720000,0.4372640000
CM4 9PJ,51.6484500000,0.4339250000
CM4 9PL,51.6473660000,0.4306430000
CM4 9PN,51.6464800000,0.4334870000
CM4 9PP,51.6511490000,0.4397080000
CM4 9PQ,51.6530650000,0.4360080000
CM4 9PR,51.6517240000,0.4453170000
CM4 9PS,51.6565250000,0.4339240000
CM4 9PT,51.6498960000,0.4450730000
CM4 9PU,51.6552930000,0.4503840000
CM4 9PW,51.6468170000,0.4350370000
CM4 9PX,51.6459130000,0.4343960000
CM4 9PY,51.6549000000,0.4532690000
CM4 9PZ,51.6545250000,0.4539860000
CM4 9QA,51.6575030000,0.4530620000
CM4 9QB,51.6573320000,0.4547740000
CM4 9QD,51.6601530000,0.4518900000
CM4 9QE,51.6899800000,0.4186450000
CM4 9QF,51.6519840000,0.4461980000
CM4 9QG,51.6559970000,0.4324930000
CM4 9QP,51.6745470000,0.4282950000
CM4 9QR,51.6763380000,0.4323510000
CM4 9QS,51.6667280000,0.4466770000
CM4 9QT,51.6708470000,0.4453660000
CM4 9QU,51.6668770000,0.4490420000
CM4 9QW,51.6709840000,0.4370860000
CM4 9QX,51.6723870000,0.4598980000
CM4 9QY,51.6784550000,0.4612980000
CM4 9QZ,51.6753530000,0.4629950000
CM4 9RA,51.6744860000,0.4651150000
CM4 9RB,51.6688830000,0.4610390000
CM4 9RD,51.6672460000,0.4647220000
CM4 9RE,51.6612860000,0.4635050000
CM4 9RF,51.6607850000,0.4644580000
CM4 9RG,51.6593110000,0.4620820000
CM4 9RH,51.6454210000,0.4498080000
CM4 9RJ,51.6572650000,0.4670020000
CM4 9RL,51.6579940000,0.4712770000
CM4 9RN,51.6591890000,0.4757650000
CM4 9RP,51.6550050000,0.4647660000
CM4 9RS,51.6479530000,0.4531950000
CM4 9RT,51.6531100000,0.4547740000
CM4 9RU,51.6611280000,0.4556010000
CM4 9RW,51.6567740000,0.4591250000
CM4 9RY,51.6624170000,0.4547860000
CM4 9RZ,51.6645750000,0.4299880000
CM4 9SB,51.6630050000,0.4548780000
CM4 9SD,51.6534080000,0.4609380000
CM4 9TA,51.6647010000,0.4390770000
CM4 9TB,51.6650120000,0.4406080000
CM4 9TD,51.6635060000,0.4390270000
CM4 9BA,51.6642600000,0.4440540000
CM4 9BD,51.6644390000,0.4454080000
CM4 9BE,51.6659390000,0.4469960000
CM4 9BG,51.6640740000,0.4469360000
CM4 9BH,51.6633360000,0.4424600000
CM4 9BJ,51.6638400000,0.4426430000
CM4 9BL,51.6633460000,0.4419680000
CM4 9BN,51.6630390000,0.4415900000
CM4 9BP,51.6617980000,0.4398460000
CM4 9BQ,51.6648490000,0.4423530000
CM4 9BS,51.6626600000,0.4392390000
CM4 9BT,51.6611790000,0.4367330000
CM4 9BU,51.6608930000,0.4375270000
CM4 9BW,51.6631660000,0.4408550000
CM4 9BX,51.6588580000,0.4352610000
CM4 9BY,51.6586810000,0.4362230000
CM4 9BZ,51.6612470000,0.4360710000
CM4 9DB,51.6639590000,0.4371420000
CM4 9DD,51.6633350000,0.4375110000
CM4 9DE,51.6630200000,0.4386540000
CM4 9DF,51.6633080000,0.4405790000
CM4 9DG,51.6635420000,0.4403300000
CM4 9DJ,51.6641170000,0.4386400000
CM4 9DP,51.6773090000,0.4445250000
CM4 9DQ,51.6621750000,0.4381600000
CM4 9FA,51.6639480000,0.4402800000
CM4 9FB,51.6639270000,0.4412910000
CM4 9FD,51.6630010000,0.4369380000
CM4 0EB,51.6787160000,0.4066450000
CM4 0ED,51.6781600000,0.4070210000
CM4 0EE,51.6833230000,0.4025790000
CM4 0EF,51.6858240000,0.4042590000
CM4 0EG,51.6869990000,0.4083580000
CM4 0EH,51.6948590000,0.4118870000
CM4 0EJ,51.6985410000,0.4132510000
CM4 0EL,51.6996160000,0.4118790000
CM4 0EP,51.6913880000,0.4145090000
CM4 0EQ,51.6877930000,0.4093520000
CM4 0ER,51.6935680000,0.4241430000
CM4 0ES,51.6936600000,0.4253490000
CM4 0ET,51.6983450000,0.4254120000
CM4 0EW,51.6923700000,0.4069500000
CM4 0EX,51.6996700000,0.4332720000
CM4 0EZ,51.6983550000,0.4421600000
CM4 0HA,51.6894320000,0.4107590000
CM4 0HD,51.6927210000,0.4209180000
CM3 4HB,51.6362550000,0.4676950000
CM2 8JS,51.6970150000,0.4665450000
CM2 8JU,51.6925080000,0.4623350000
CM2 8JX,51.6960050000,0.4653760000
CM2 8JY,51.6884560000,0.4634320000
CM2 8JZ,51.6912620000,0.4672740000
CM2 8LA,51.6785810000,0.4653950000
CM2 8LB,51.6765760000,0.4634230000
CM2 8LD,51.6868350000,0.4763800000
CM2 8LE,51.6839490000,0.4690460000
CM2 8LF,51.6833800000,0.4707190000
CM2 8LG,51.6832740000,0.4707890000
CM2 8LH,51.6842450000,0.4755010000
CM2 8LJ,51.6833930000,0.4766840000
CM2 8LL,51.6787710000,0.4666210000
CM2 8LP,51.6797570000,0.4667900000
CM2 8LQ,51.6848890000,0.4752610000
CM2 8LW,51.6832770000,0.4753610000
CM2 8PH,51.6978400000,0.4512060000
CM2 8PL,51.6996710000,0.4599450000
CM2 8PS,51.6977330000,0.4664500000
CM2 8PT,51.6988650000,0.4688160000
CM2 8PW,51.6993490000,0.4657270000
CM2 8QA,51.6995760000,0.4684270000
CM2 8QB,51.6949500000,0.4706580000
CM2 8QD,51.6926530000,0.4684330000
CM2 8QE,51.6936420000,0.4669980000
CM2 8QF,51.6946840000,0.4670690000
CM2 8QG,51.6933020000,0.4677760000
CM2 8QL,51.6974130000,0.4672900000
CM2 8QN,51.6964230000,0.4681630000
CM2 8QP,51.6944140000,0.4692110000
CM2 8QQ,51.6938070000,0.4688180000
CM2 8QR,51.6963670000,0.4670160000
CM2 8QS,51.6951790000,0.4742880000
CM2 8QU,51.6980480000,0.4785550000
CM2 8QW,51.6980700000,0.4693810000
CM2 8QY,51.6992330000,0.4718320000
CM2 8QZ,51.6967440000,0.4708720000
CM2 8RA,51.6975360000,0.4704080000
CM2 8RB,51.6991920000,0.4712370000
CM2 8RE,51.6993150000,0.4781760000
CM2 8RF,51.6991280000,0.4792330000
CM2 8RG,51.6966980000,0.4722010000
CM2 8RQ,51.6994630000,0.4805280000
CM2 8RS,51.6977470000,0.4757600000
CM2 8RT,51.6964360000,0.4748200000
CM2 8RU,51.6951490000,0.4718990000
CM2 8RX,51.6958250000,0.4707750000
CM2 8RZ,51.6998410000,0.4767140000
CM2 8SA,51.6990670000,0.4771350000
CM2 8SB,51.6982630000,0.4773080000
CM2 8SD,51.6977850000,0.4769490000
CM2 8SE,51.6968970000,0.4762600000
CM2 8SF,51.6961080000,0.4754390000
CM2 8SG,51.6954740000,0.4739570000
CM2 8SH,51.6969190000,0.4728060000
CM2 8SJ,51.6973230000,0.4737110000
CM2 8SL,51.6960560000,0.4723680000
CM2 8SN,51.6977630000,0.4741690000
CM2 8SP,51.6983470000,0.4759380000
CM2 8SQ,51.6966760000,0.4741240000
CM2 8SR,51.6957230000,0.4724080000
CM2 8TL,51.6990540000,0.4576540000
CM2 8TN,51.6977990000,0.4574410000
CM2 8TP,51.6999920000,0.4626550000
CM2 8TR,51.6950160000,0.4615160000
CM2 8TS,51.6976300000,0.4644910000
CM2 8TW,51.6971890000,0.4550300000
CM2 8TZ,51.6970170000,0.4651560000
CM2 8UA,51.6880340000,0.4940540000
CM2 8UB,51.6829470000,0.4816220000
CM2 8UD,51.6832920000,0.4933300000
CM2 8UE,51.6744260000,0.4886200000
CM2 8UG,51.6704900000,0.4939720000
CM2 8UH,51.6701970000,0.4970480000
CM2 8UQ,51.6700250000,0.4983690000
CM2 8UR,51.6698000000,0.4998060000
CM2 8UT,51.6691470000,0.4992210000
CM2 8UU,51.6690660000,0.4941400000
CM2 8UX,51.6703730000,0.4859240000
CM2 8UY,51.6698420000,0.4742780000
CM2 8UZ,51.6735850000,0.4872430000
CM2 8WA,51.6983200000,0.4737510000
CM2 8WD,51.6965030000,0.4694980000
CM2 8XA,51.6735110000,0.4851270000
CM2 7SX,51.6998590000,0.4994620000
CM2 7SY,51.6958620000,0.4958410000
CM2 8XG,51.6723090000,0.4843780000
CM2 8DA,51.6984550000,0.4753030000
CM2 8FN,51.6751680000,0.4776060000
CM2 8JR,51.6951950000,0.4667060000
CM12 9NN,51.6199640000,0.4132430000
CM12 9NP,51.6200390000,0.4082780000
CM12 9NQ,51.6203540000,0.4086700000
CM12 9NR,51.6212830000,0.4063500000
CM12 9NS,51.6186850000,0.4133200000
CM12 9NT,51.6189550000,0.4124670000
CM12 9NU,51.6184950000,0.4111860000
CM12 9NW,51.6224110000,0.4061780000
CM12 9NX,51.6190560000,0.4058430000
CM12 9NY,51.6193760000,0.4063930000
CM12 9NZ,51.6178560000,0.4138250000
CM12 9PA,51.6185720000,0.4070150000
CM12 9PB,51.6186280000,0.4095460000
CM12 9PD,51.6178210000,0.4107460000
CM12 9PE,51.6175990000,0.4097230000
CM12 9PG,51.6174380000,0.4070710000
CM12 9PJ,51.6163310000,0.4048740000
CM12 9PL,51.6150060000,0.4045870000
CM12 9PN,51.6147870000,0.4056300000
CM12 9PP,51.6130890000,0.4051360000
CM12 9PQ,51.6176040000,0.4112260000
CM12 9PR,51.6132290000,0.4031070000
CM12 9PS,51.6143700000,0.4027190000
CM12 9PT,51.6137700000,0.4039300000
CM12 9PU,51.6144960000,0.4049070000
CM12 9PW,51.6136830000,0.4059910000
CM12 9PX,51.6157520000,0.4037600000
CM12 9PZ,51.6180370000,0.4056570000
CM12 9QB,51.6180030000,0.4123590000
CM12 9QF,51.6216150000,0.4177810000
CM12 9QG,51.6207290000,0.4184270000
CM12 9QH,51.6190750000,0.4214450000
CM12 9QJ,51.6175080000,0.4211310000
CM12 9QL,51.6183150000,0.4247280000
CM12 9QP,51.6171990000,0.4234690000
CM12 9QQ,51.6202570000,0.4190960000
CM12 9QR,51.6174350000,0.4224850000
CM12 9QS,51.6157400000,0.4270320000
CM12 9QT,51.6164710000,0.4256120000
CM12 9QU,51.6166170000,0.4244060000
CM12 9QW,51.6178410000,0.4233150000
CM12 9QX,51.6166380000,0.4232080000
CM12 9QY,51.6160480000,0.4225840000
CM12 9QZ,51.6155240000,0.4244490000
CM12 9RA,51.6148820000,0.4241830000
CM12 9RB,51.6143150000,0.4255110000
CM12 9RD,51.6146210000,0.4267990000
CM12 9RE,51.6151040000,0.4268730000
CM12 9RF,51.6157660000,0.4253430000
CM12 9RG,51.6155620000,0.4273980000
CM12 9RH,51.6147230000,0.4279600000
CM12 9RJ,51.6138170000,0.4269720000
CM12 9RN,51.6261090000,0.4165460000
CM12 9RR,51.6135010000,0.4222750000
CM12 9RS,51.6133170000,0.4224390000
CM12 9RU,51.6138910000,0.4251420000
CM12 9RW,51.6181520000,0.4221760000
CM12 9SA,51.6224880000,0.4006490000
CM12 9SS,51.6052250000,0.4010960000
CM12 9ST,51.6033300000,0.4043030000
CM12 9SY,51.6103750000,0.4128940000
CM12 9TA,51.6070450000,0.4121390000
CM12 9TB,51.6067760000,0.4109700000
CM12 9TD,51.6057960000,0.4092140000
CM12 9TE,51.6044280000,0.4117260000
CM12 9TF,51.6048230000,0.4086710000
CM12 9TG,51.6027350000,0.4109430000
CM12 9TH,51.6019730000,0.4143540000
CM12 9TJ,51.6042150000,0.4069640000
CM12 9TL,51.6040260000,0.4076470000
CM12 9TN,51.6027190000,0.4060810000
CM12 9TP,51.6024420000,0.4046460000
CM12 9UG,51.6056800000,0.4179020000
CM12 9UH,51.6016720000,0.4210820000
CM12 9UJ,51.6003540000,0.4230630000
CM12 9WF,51.6228610000,0.4166910000
CM12 9WY,51.6228640000,0.4167200000
CM12 9XB,51.6001510000,0.4220410000
CM12 9XE,51.6231650000,0.4171990000
CM12 9XG,51.6297370000,0.4077620000
CM12 9XH,51.6243410000,0.4068000000
CM12 9XY,51.6233080000,0.4155010000
CM12 9YB,51.6231660000,0.4167070000
CM12 9YE,51.6186280000,0.4143570000
CM12 9YF,51.6194120000,0.4147020000
CM12 0TX,51.6369960000,0.4154630000
CM12 0TY,51.6366000000,0.4141840000
CM12 0TZ,51.6374660000,0.4158060000
CM12 0UA,51.6373370000,0.4137470000
CM12 0UB,51.6378640000,0.4169830000
CM12 0UD,51.6383010000,0.4184520000
CM12 0UE,51.6378460000,0.4165340000
CM12 0UF,51.6374370000,0.4180730000
CM12 0UG,51.6391760000,0.4126450000
CM12 0UH,51.6384400000,0.4125910000
CM12 0UJ,51.6389270000,0.4117810000
CM12 0UL,51.6394820000,0.4113460000
CM12 0UN,51.6399750000,0.4144940000
CM12 0UP,51.6388190000,0.4164700000
CM12 0UQ,51.6395370000,0.4134590000
CM12 0UR,51.6393290000,0.4157310000
CM12 0UT,51.6394690000,0.4211440000
CM12 0UU,51.6400460000,0.4219410000
CM12 0UW,51.6400960000,0.4133870000
CM12 0XA,51.6318790000,0.4053930000
CM12 0XB,51.6326020000,0.4047670000
CM12 0XD,51.6321330000,0.4043810000
CM12 0XE,51.6309960000,0.4050430000
CM12 0XG,51.6384410000,0.4138490000
CM12 0XH,51.6393650000,0.4069460000
CM12 0XJ,51.6393800000,0.4079580000
CM12 0XL,51.6395380000,0.4094990000
CM12 0XN,51.6400050000,0.4090900000
CM12 0XP,51.6401210000,0.4069130000
CM12 0XQ,51.6378170000,0.4131360000
CM12 0XR,51.6392780000,0.4103230000
CM12 0XW,51.6400490000,0.4082540000
CM12 0XX,51.6409930000,0.4209510000
CM12 0XY,51.6415650000,0.4206920000
CM12 0XZ,51.6411730000,0.4191680000
CM12 0YA,51.6408130000,0.4174430000
CM12 0YB,51.6414970000,0.4170030000
CM12 0YE,51.6422270000,0.4233960000
CM12 0YF,51.6412650000,0.4225700000
CM12 0YG,51.6412630000,0.4239570000
CM12 0YH,51.6394660000,0.4177910000
CM12 0YJ,51.6402940000,0.4159990000
CM12 0YL,51.6402960000,0.4176910000
CM12 0YN,51.6401210000,0.4187360000
CM12 0YP,51.6391500000,0.4173980000
CM12 0YQ,51.6427280000,0.4227060000
CM12 0YR,51.6393640000,0.4166440000
CM12 0YS,51.6408770000,0.4130530000
CM12 0YW,51.6395880000,0.4188380000
CM12 0YX,51.6411760000,0.4151070000
CM12 0YY,51.6409600000,0.4151390000
CM12 0YZ,51.6413060000,0.4122810000
CM12 2AN,51.6228610000,0.4166910000
CM12 2AY,51.6228610000,0.4166910000
CM12 2BB,51.6228610000,0.4166910000
CM12 9AA,51.6228610000,0.4166910000
CM12 9AB,51.6229230000,0.4160000000
CM12 9AD,51.6272370000,0.4200590000
CM12 9AH,51.6239650000,0.4159180000
CM12 9AJ,51.6248280000,0.4165490000
CM12 9AP,51.6247950000,0.4162020000
CM12 9AQ,51.6269220000,0.4172830000
CM12 9AS,51.6255740000,0.4172540000
CM12 9AT,51.6254420000,0.4171030000
CM12 9AU,51.6259610000,0.4176510000
CM12 9AX,51.6264030000,0.4180640000
CM12 9AZ,51.6268390000,0.4182900000
CM12 9BA,51.6272350000,0.4186870000
CM12 9BD,51.6251230000,0.4168690000
CM12 9BE,51.6278250000,0.4188480000
CM12 9BG,51.6280270000,0.4195090000
CM12 9BQ,51.6269790000,0.4190770000
CM12 9BS,51.6254290000,0.4179250000
CM12 9BT,51.6247870000,0.4172260000
CM12 9BU,51.6241900000,0.4150140000
CM12 9BX,51.6245330000,0.4177470000
CM12 9BY,51.6239790000,0.4165480000
CM12 9DA,51.6265390000,0.4171030000
CM12 9DF,51.6226880000,0.4164080000
CM12 9DG,51.6278290000,0.4170700000
CM12 9DH,51.6267240000,0.4160010000
CM12 9DL,51.6251820000,0.4148640000
CM12 9DN,51.6258470000,0.4127030000
CM12 9DP,51.6270730000,0.4106440000
CM12 9DR,51.6270480000,0.4087510000
CM12 9DS,51.6277520000,0.4079780000
CM12 9DT,51.6271580000,0.4137120000
CM12 9DU,51.6259980000,0.4145460000
CM12 9DW,51.6262360000,0.4118990000
CM12 9DX,51.6273930000,0.4168740000
CM12 9DY,51.6273710000,0.4183890000
CM12 9DZ,51.6276080000,0.4184750000
CM12 9EA,51.6264360000,0.4155520000
CM12 9EB,51.6282120000,0.4175250000
CM12 9ED,51.6287900000,0.4169920000
CM12 9EE,51.6292450000,0.4149930000
CM12 9EF,51.6295430000,0.4123070000
CM12 9EG,51.6287720000,0.4143760000
CM12 9EH,51.6282130000,0.4161670000
CM12 9EL,51.6276640000,0.4139990000
CM12 9EQ,51.6287680000,0.4158490000
CM12 9ES,51.6232760000,0.4065270000
CM12 9ET,51.6236820000,0.4064780000
CM12 9EU,51.6249430000,0.4063700000
CM12 9EW,51.6268440000,0.4171630000
CM12 9EX,51.6264050000,0.4070110000
CM12 9EZ,51.6275570000,0.4073900000
CM12 9FL,51.6237440000,0.4045020000
CM12 9FN,51.6259420000,0.4164070000
CM12 9FP,51.6266700000,0.4196670000
CM12 9GE,51.6233740000,0.4057090000
CM12 9GY,51.6235570000,0.4197330000
CM12 9HA,51.6290200000,0.4075390000
CM12 9HB,51.6283290000,0.4096410000
CM12 9HD,51.6287540000,0.4095630000
CM12 9HE,51.6291140000,0.4104200000
CM12 9HG,51.6285690000,0.4119810000
CM12 9HH,51.6275080000,0.4115200000
CM12 9HJ,51.6252140000,0.4032350000
CM12 9HL,51.6258030000,0.4038870000
CM12 9HQ,51.6284220000,0.4125940000
CM12 0BJ,51.6312300000,0.4225120000
CM12 0BP,51.6293120000,0.4182480000
CM12 0BQ,51.6288130000,0.4202150000
CM12 0BT,51.6312440000,0.4117760000
CM12 0BW,51.6326500000,0.4155790000
CM12 0BX,51.6308820000,0.4129400000
CM12 0BZ,51.6314940000,0.4111810000
CM12 0DD,51.6228610000,0.4166910000
CM12 0DG,51.6315740000,0.4129890000
CM12 0DN,51.6323050000,0.4135370000
CM12 0DP,51.6320400000,0.4102430000
CM12 0DR,51.6303310000,0.4146610000
CM12 0DS,51.6350240000,0.4104720000
CM12 0DT,51.6318630000,0.4153780000
CM12 0DU,51.6310160000,0.4151580000
CM12 0DW,51.6311710000,0.4140410000
CM12 0DX,51.6304340000,0.4141880000
CM12 0DZ,51.6301480000,0.4130330000
CM12 0EA,51.6336200000,0.4073350000
CM12 0ED,51.6338010000,0.4059720000
CM12 0EE,51.6308710000,0.4085190000
CM12 0EG,51.6310590000,0.4098580000
CM12 0EH,51.6322280000,0.4072470000
CM12 0EL,51.6330280000,0.4050640000
CM12 0EP,51.6336470000,0.4033910000
CM12 0EQ,51.6302440000,0.4105810000
CM12 0ER,51.6346700000,0.4012630000
CM12 0ET,51.6340620000,0.4055230000
CM12 0EZ,51.6367650000,0.4000010000
CM12 0FA,51.6439080000,0.4236770000
CM12 0FB,51.6437130000,0.4242470000
CM12 0FD,51.6442440000,0.4276870000
CM12 0FE,51.6446650000,0.4277670000
CM12 0FF,51.6447940000,0.4258660000
CM12 0FG,51.6450930000,0.4266190000
CM12 0FH,51.6452200000,0.4287790000
CM12 0FJ,51.6448580000,0.4288610000
CM12 0FL,51.6451600000,0.4312050000
CM12 0FN,51.6453640000,0.4302160000
CM12 0FP,51.6314660000,0.4031750000
CM12 0FQ,51.6453980000,0.4279650000
CM12 0FR,51.6318980000,0.4018100000
CM12 0FW,51.6454330000,0.4310890000
CM12 0GD,51.6408700000,0.4107690000
CM12 0GE,51.6406360000,0.4116090000
CM12 9HX,51.6261990000,0.4025640000
CM12 9HZ,51.6237890000,0.4150350000
CM12 9JA,51.6238550000,0.4116440000
CM12 9JB,51.6237300000,0.4094120000
CM12 9JD,51.6236540000,0.4082670000
CM12 9JE,51.6246570000,0.4097940000
CM12 9JF,51.6248160000,0.4112320000
CM12 9JG,51.6245570000,0.4133570000
CM12 9JH,51.6259450000,0.4105990000
CM12 9JJ,51.6256730000,0.4124340000
CM12 9JL,51.6262450000,0.4086780000
CM12 9JN,51.6252860000,0.4080790000
CM12 9JS,51.6226520000,0.4124040000
CM12 9JT,51.6231790000,0.4099610000
CM12 9JU,51.6234060000,0.4089900000
CM12 9JW,51.6252140000,0.4185930000
CM12 9JX,51.6234570000,0.4117380000
CM12 9JY,51.6230460000,0.4142160000
CM12 9JZ,51.6225070000,0.4149110000
CM12 9LA,51.6226760000,0.4153370000
CM12 9LB,51.6216730000,0.4171340000
CM12 9LD,51.6200650000,0.4159350000
CM12 9LE,51.6162040000,0.4167850000
CM12 9LF,51.6296540000,0.4099280000
CM12 9LG,51.6182810000,0.4167950000
CM12 9LH,51.6194430000,0.4181990000
CM12 9LJ,51.6192140000,0.4184040000
CM12 9LL,51.6206980000,0.4164750000
CM12 9LP,51.6226030000,0.4173850000
CM12 9LR,51.6232060000,0.4187030000
CM12 9LS,51.6232450000,0.4180990000
CM12 9LT,51.6250210000,0.4187850000
CM12 9LU,51.6250530000,0.4182660000
CM12 9LW,51.6222750000,0.4175990000
CM12 9LX,51.6246860000,0.4196930000
CM12 9LY,51.6255460000,0.4190590000
CM12 9NA,51.6255410000,0.4185810000
CM12 9NB,51.6225350000,0.4093200000
CM12 9ND,51.6224670000,0.4064990000
CM12 9NE,51.6220360000,0.4086580000
CM12 9NF,51.6211110000,0.4072940000
CM12 9NG,51.6212100000,0.4090470000
CM12 9NH,51.6216020000,0.4105420000
CM12 9NJ,51.6205700000,0.4104440000
CM12 9NL,51.6195600000,0.4110260000
CM12 0GF,51.6407590000,0.4102830000
CM12 0HA,51.6362660000,0.4011630000
CM12 0HB,51.6356490000,0.4000140000
CM12 0HD,51.6308940000,0.4073640000
CM12 0HE,51.6315910000,0.4067070000
CM12 0HF,51.6310170000,0.4079630000
CM12 0HG,51.6311480000,0.4068430000
CM12 0HH,51.6324990000,0.4106570000
CM12 0HJ,51.6333470000,0.4114390000
CM12 0HL,51.6331240000,0.4122220000
CM12 0HN,51.6340410000,0.4130800000
CM12 0HP,51.6350380000,0.4131620000
CM12 0HQ,51.6312720000,0.4060400000
CM12 0HR,51.6344870000,0.4119480000
CM12 0HS,51.6345600000,0.4096970000
CM12 0HT,51.6339160000,0.4090990000
CM12 0HU,51.6334750000,0.4091340000
CM12 0HX,51.6331620000,0.4081490000
CM12 0HZ,51.6342440000,0.4080330000
CM12 0JA,51.6344590000,0.4089260000
CM12 0JB,51.6349570000,0.4096460000
CM12 0JD,51.6360340000,0.4097750000
CM12 0JE,51.6357670000,0.4109320000
CM12 0JF,51.6358930000,0.4091610000
CM12 0JG,51.6348170000,0.4072970000
CM12 0JH,51.6349650000,0.4044580000
CM12 0JL,51.6328240000,0.4026980000
CM12 0JP,51.6360940000,0.4112090000
CM12 0JQ,51.6346780000,0.4061770000
CM12 0JR,51.6368060000,0.4119990000
CM12 0JS,51.6368470000,0.4087060000
CM12 0JT,51.6370430000,0.4096840000
CM12 0JU,51.6360490000,0.4081720000
CM12 0JX,51.6361480000,0.4068480000
CM12 0JY,51.6370410000,0.4106530000
CM12 0JZ,51.6354560000,0.4081260000
CM12 0LA,51.6352570000,0.4064390000
CM12 0LB,51.6354630000,0.4060160000
CM12 0LD,51.6370760000,0.4067380000
CM12 0LE,51.6375150000,0.4059520000
CM12 0LF,51.6329240000,0.4035270000
CM12 0LG,51.6374010000,0.4049190000
CM12 0LH,51.6369950000,0.4049990000
CM12 0LJ,51.6359110000,0.4047830000
CM12 0LL,51.6352580000,0.4046470000
CM12 0LN,51.6355360000,0.4024510000
CM12 0LP,51.6349800000,0.4032880000
CM12 0LR,51.6334970000,0.4023280000
CM12 0LS,51.6396620000,0.4227010000
CM12 0LW,51.6366640000,0.4036090000
CM12 0LX,51.6319960000,0.4090400000
CM12 0LZ,51.6328950000,0.4093490000
CM12 0NA,51.6342050000,0.4103720000
CM12 0NB,51.6354280000,0.4116800000
CM12 0ND,51.6359740000,0.4135590000
CM12 0NF,51.6349430000,0.4151510000
CM12 0NG,51.6357930000,0.4140400000
CM12 0NH,51.6361970000,0.4155810000
CM12 0NJ,51.6351980000,0.4167260000
CM12 0NN,51.6389370000,0.4085420000
CM12 0NP,51.6383710000,0.4080640000
CM12 0NR,51.6354340000,0.4188190000
CM12 0NS,51.6364420000,0.4183670000
CM12 0NT,51.6369810000,0.4192340000
CM12 0NU,51.6374150000,0.4201660000
CM12 0NW,51.6386710000,0.4096840000
CM12 0NX,51.6382520000,0.4218730000
CM12 0NZ,51.6394240000,0.4241770000
CM12 0PB,51.6384430000,0.4198610000
CM12 0PE,51.6403090000,0.4201680000
CM12 0PF,51.6405360000,0.4195530000
CM12 0PH,51.6371120000,0.4220740000
CM12 0PJ,51.6375310000,0.4217780000
CM12 0PL,51.6376690000,0.4233900000
CM12 0PP,51.6376690000,0.4251530000
CM12 0PR,51.6381610000,0.4248320000
CM12 0PS,51.6386140000,0.4246400000
CM12 0PT,51.6386550000,0.4252630000
CM12 0PU,51.6390090000,0.4268720000
CM12 0PX,51.6397680000,0.4284160000
CM12 0PY,51.6355910000,0.4133790000
CM12 0PZ,51.6391220000,0.4283810000
CM12 0QA,51.6378340000,0.4258550000
CM12 0QB,51.6381120000,0.4267520000
CM12 0QD,51.6372840000,0.4263750000
CM12 0QE,51.6370090000,0.4257100000
CM12 0QF,51.6366750000,0.4253600000
CM12 0QG,51.6371220000,0.4241700000
CM12 0QH,51.6382130000,0.4153110000
CM12 0QJ,51.6390240000,0.4077800000
CM12 0QL,51.6388270000,0.4082180000
CM12 0QN,51.6394670000,0.4264490000
CM12 0QP,51.6404170000,0.4281020000
CM12 0QR,51.6405530000,0.4254350000
CM12 0QS,51.6421390000,0.4246690000
CM12 0QT,51.6427680000,0.4264370000
CM12 0QU,51.6435230000,0.4260150000
CM12 0QW,51.6405580000,0.4267670000
CM11 2LR,51.6244880000,0.4401990000
CM11 2LS,51.6268120000,0.4365230000
CM11 2LT,51.6257050000,0.4409000000
CM11 2LU,51.6255140000,0.4401530000
CM11 2LX,51.6263570000,0.4391420000
CM11 2LY,51.6271350000,0.4391420000
CM11 2LZ,51.6270420000,0.4406100000
CM11 2NA,51.6269480000,0.4420940000
CM11 2NB,51.6264760000,0.4431810000
CM11 2ND,51.6261650000,0.4425860000
CM11 2NF,51.6273050000,0.4383410000
CM11 2NG,51.6273980000,0.4368870000
CM11 2NH,51.6142730000,0.4309980000
CM11 2NJ,51.6145160000,0.4314590000
CM11 2NL,51.6149300000,0.4314090000
CM11 2NN,51.6156660000,0.4297720000
CM11 2NP,51.6149620000,0.4290120000
CM11 2NQ,51.6276380000,0.4357300000
CM11 2NR,51.6150090000,0.4301990000
CM11 2NS,51.6144180000,0.4305290000
CM11 2NT,51.6146830000,0.4307450000
CM11 2NU,51.6148250000,0.4326020000
CM11 2NW,51.6151910000,0.4292410000
CM11 2NX,51.6167420000,0.4307980000
CM11 2NY,51.6157580000,0.4326950000
CM11 2NZ,51.6163720000,0.4282500000
CM11 2PA,51.6159900000,0.4292980000
CM11 2PB,51.6160610000,0.4349790000
CM11 2PD,51.6153540000,0.4339590000
CM11 2PE,51.6153440000,0.4353020000
CM11 2PF,51.6143690000,0.4337620000
CM11 2PG,51.6176570000,0.4313230000
CM11 2PH,51.6176610000,0.4298500000
CM11 2PJ,51.6158470000,0.4314580000
CM11 2PL,51.6137700000,0.4324880000
CM11 2PN,51.6140770000,0.4326780000
CM11 2PP,51.6131230000,0.4348510000
CM11 2PQ,51.6170440000,0.4300770000
CM11 2PR,51.6127070000,0.4343420000
CM11 2PS,51.6097590000,0.4383690000
CM11 2PT,51.6080340000,0.4395760000
CM11 2PZ,51.6070280000,0.4414280000
CM11 2QA,51.6105740000,0.4372280000
CM11 2QB,51.6095070000,0.4374890000
CM11 2QD,51.6096410000,0.4366870000
CM11 2QE,51.6088260000,0.4356610000
CM11 2QF,51.6100230000,0.4351620000
CM11 2QG,51.6099970000,0.4364310000
CM11 2QH,51.6102920000,0.4369380000
CM11 2QJ,51.6111740000,0.4355990000
CM11 2QL,51.6112800000,0.4361250000
CM11 2QN,51.6118980000,0.4345400000
CM11 2QP,51.6113560000,0.4333260000
CM11 2QR,51.6119970000,0.4336350000
CM11 2QS,51.6119990000,0.4352820000
CM11 2QT,51.6096240000,0.4379950000
CM11 2QW,51.6111860000,0.4341700000
CM11 2RA,51.6138840000,0.4293880000
CM12 0QX,51.6435970000,0.4289530000
CM12 0QZ,51.6424860000,0.4270140000
CM12 0RA,51.6414150000,0.4271580000
CM12 0RB,51.6421760000,0.4298310000
CM12 0RD,51.6422820000,0.4290560000
CM12 0RF,51.6437000000,0.4313870000
CM12 0RN,51.6361610000,0.4258530000
CM12 0RP,51.6381890000,0.4278260000
CM12 0RR,51.6397940000,0.4297760000
CM12 0RS,51.6417530000,0.4320050000
CM12 0RT,51.6390020000,0.4298200000
CM12 0RU,51.6374070000,0.4278130000
CM12 0RX,51.6359230000,0.4265050000
CM12 0SA,51.6400810000,0.4324510000
CM12 0SB,51.6410020000,0.4300860000
CM12 0SD,51.6419220000,0.4312340000
CM12 0SE,51.6436500000,0.4320490000
CM12 0SG,51.6450130000,0.4322230000
CM12 0SH,51.6440300000,0.4327920000
CM12 0SJ,51.6423010000,0.4329450000
CM12 0SN,51.6417140000,0.4081830000
CM12 0SP,51.6486400000,0.4253320000
CM12 0SR,51.6377050000,0.4124650000
CM12 0SS,51.6367900000,0.4132120000
CM12 0ST,51.6413510000,0.4096380000
CM12 0SU,51.6379180000,0.4117110000
CM12 0SW,51.6413880000,0.4087290000
CM12 0SX,51.6372460000,0.4129040000
CM12 0SY,51.6373350000,0.4120840000
CM12 0SZ,51.6408250000,0.4077020000
CM12 0TA,51.6407040000,0.4083030000
CM12 0TB,51.6380690000,0.4109380000
CM12 0TD,51.6406610000,0.4091250000
CM12 0TE,51.6378540000,0.4091350000
CM12 0TF,51.6377490000,0.4094620000
CM12 0TJ,51.6404870000,0.4081020000
CM12 0TL,51.6462980000,0.4141340000
CM12 0TN,51.6497230000,0.4046010000
CM12 0TP,51.6449790000,0.4068380000
CM12 0TQ,51.6376200000,0.4074020000
CM11 2RB,51.6135990000,0.4301390000
CM11 2RE,51.6134110000,0.4305040000
CM11 2RF,51.6132210000,0.4305950000
CM11 2RG,51.6126770000,0.4312160000
CM11 2RH,51.6126110000,0.4326710000
CM11 2RJ,51.6128340000,0.4332030000
CM11 2RL,51.6105700000,0.4326630000
CM11 2RN,51.6108250000,0.4337890000
CM11 2RP,51.6096850000,0.4319520000
CM11 2RQ,51.6117710000,0.4319620000
CM11 2RR,51.6093350000,0.4333770000
CM11 2RS,51.6095940000,0.4342000000
CM11 2RT,51.6085470000,0.4313420000
CM11 2RU,51.6091900000,0.4306540000
CM11 2RX,51.6086950000,0.4294000000
CM11 2RY,51.6078950000,0.4295310000
CM11 2RZ,51.6078370000,0.4308710000
CM11 2SA,51.6083540000,0.4336710000
CM11 2SB,51.6080560000,0.4319950000
CM11 2SD,51.6076530000,0.4349630000
CM11 2SE,51.6085100000,0.4344020000
CM11 2SF,51.6087010000,0.4373440000
CM11 2SG,51.6087060000,0.4388180000
CM11 2SH,51.6072500000,0.4283980000
CM11 2SJ,51.6104070000,0.4339830000
CM11 2SL,51.6120330000,0.4277580000
CM11 2SN,51.6121790000,0.4265820000
CM11 2ST,51.6083550000,0.4279950000
CM11 2SU,51.6069410000,0.4275510000
CM11 2SW,51.6101070000,0.4272080000
CM11 2SX,51.6065230000,0.4296020000
CM11 2SY,51.6069670000,0.4320660000
CM11 2SZ,51.6111100000,0.4269870000
CM11 2TA,51.6096260000,0.4288860000
CM11 2TB,51.6103660000,0.4312220000
CM11 2TD,51.6118290000,0.4300580000
CM11 2TE,51.6125410000,0.4308330000
CM11 2TF,51.6103160000,0.4297180000
CM11 2TG,51.6131870000,0.4291630000
CM11 2TH,51.6105190000,0.4303500000
CM11 2TJ,51.6134350000,0.4289310000
CM11 2TN,51.6103150000,0.4275940000
CM11 2TP,51.6023080000,0.4225170000
CM11 2TQ,51.6126350000,0.4289030000
CM11 2TR,51.6045840000,0.4259600000
CM11 2TS,51.6057880000,0.4273240000
CM11 2TW,51.6113190000,0.4286160000
CM11 2TX,51.6238460000,0.4446720000
CM11 2TY,51.6109480000,0.4282780000
CM11 2TZ,51.6192490000,0.4431820000
CM11 2UA,51.6178330000,0.4453460000
CM11 2UB,51.6128410000,0.4432430000
CM11 2UD,51.6012110000,0.4455070000
CM11 2UN,51.6096350000,0.4672640000
CM11 2UP,51.6042180000,0.4762280000
CM11 2UQ,51.6066930000,0.4514340000
CM11 2UR,51.6049380000,0.4761860000
CM11 2UT,51.6040680000,0.4777940000
CM11 2UX,51.6049320000,0.4781590000
CM11 2UY,51.6061590000,0.4794380000
CM11 2UZ,51.6071760000,0.4805050000
CM11 2XA,51.6049210000,0.4807360000
CM11 2XB,51.6055060000,0.4846310000
CM11 2XD,51.6033410000,0.4808590000
CM11 2XH,51.6029970000,0.4709910000
CM11 2XJ,51.6020400000,0.4686000000
CM11 2XL,51.6012620000,0.4670990000
CM11 2XN,51.6006530000,0.4669790000
CM11 2XP,51.6018910000,0.4696890000
CM11 2XR,51.6026770000,0.4718250000
CM11 2XS,51.6022660000,0.4728140000
CM11 2XT,51.6016190000,0.4742370000
CM11 2XU,51.6027680000,0.4746040000
CM11 2XY,51.6034090000,0.4757790000
CM11 2XZ,51.6039240000,0.4752440000
CM11 2YA,51.6034190000,0.4728770000
CM11 2YB,51.6029650000,0.4733870000
CM11 2YD,51.6005620000,0.4683170000
CM11 2YP,51.6003330000,0.4763620000
CM11 1LD,51.6348730000,0.4984190000
CM11 1LN,51.6301880000,0.4237420000
CM11 1LQ,51.6305290000,0.4229220000
CM11 1LR,51.6309830000,0.4229430000
CM11 1LS,51.6298770000,0.4222660000
CM11 1LT,51.6298720000,0.4216300000
CM11 1LU,51.6292030000,0.4213630000
CM11 1LX,51.6369840000,0.4678960000
CM11 1LY,51.6362520000,0.4676680000
CM11 1LZ,51.6357290000,0.4694460000
CM11 1NA,51.6359410000,0.4726230000
CM11 1NB,51.6352950000,0.4725160000
CM11 1ND,51.6359040000,0.4717830000
CM11 1NE,51.6340820000,0.4718260000
CM11 1NF,51.6343000000,0.4710890000
CM11 1NH,51.6316270000,0.4720410000
CM11 1NJ,51.6340660000,0.4726980000
CM11 1NL,51.6314740000,0.4731010000
CM11 1NN,51.6289860000,0.4723310000
CM11 1NP,51.6237810000,0.4715560000
CM11 1NQ,51.6330780000,0.4732040000
CM11 1NR,51.6230490000,0.4747090000
CM11 1NS,51.6232980000,0.4789140000
CM11 1NU,51.6337440000,0.4753070000
CM11 1NX,51.6317020000,0.4740250000
CM11 1NY,51.6320410000,0.4737400000
CM11 1NZ,51.6318220000,0.4747540000
CM11 1PA,51.6339660000,0.4745820000
CM11 1PB,51.6344720000,0.4736270000
CM11 1PH,51.6230330000,0.4846640000
CM11 1PJ,51.6241520000,0.4817190000
CM11 1PL,51.6254930000,0.4812140000
CM11 1PP,51.6294590000,0.4814750000
CM11 1PQ,51.6366630000,0.4746130000
CM11 1PR,51.6298390000,0.4894150000
CM11 1PS,51.6303490000,0.4780560000
CM11 1PT,51.6319770000,0.4754850000
CM11 1PU,51.6364740000,0.4765380000
CM11 1PW,51.6268790000,0.4815930000
CM11 1PZ,51.6370600000,0.4788260000
CM11 1QA,51.6378310000,0.4810800000
CM11 1QB,51.6373890000,0.4813420000
CM11 1QD,51.6374840000,0.4817250000
CM11 1QE,51.6351090000,0.4828510000
CM11 1QF,51.6361440000,0.4829960000
CM11 1QH,51.6387890000,0.4874450000
CM11 1QL,51.6398390000,0.4902660000
CM11 1QN,51.6378790000,0.4923700000
CM11 1QP,51.6361490000,0.4929690000
CM11 1QQ,51.6380610000,0.4846620000
CM11 1QR,51.6363640000,0.4951050000
CM11 1QS,51.6351330000,0.4959190000
CM11 1QU,51.6361050000,0.4963050000
CM11 1QY,51.6365580000,0.4982660000
CM11 1QZ,51.6358420000,0.4747560000
CM11 1RG,51.6095210000,0.4863240000
CM11 1RH,51.6147250000,0.4854380000
CM11 1RJ,51.6182530000,0.4878700000
CM11 1RL,51.6194190000,0.4930630000
CM11 2YR,51.6014620000,0.4723220000
CM11 2YS,51.6226500000,0.4290760000
CM11 2YT,51.6237790000,0.4292520000
CM11 2YU,51.6238900000,0.4299950000
CM11 2YW,51.6008060000,0.4784970000
CM11 2YX,51.6227460000,0.4274490000
CM11 2YY,51.6232810000,0.4276940000
CM11 2YZ,51.6233660000,0.4283630000
CM11 2ZD,51.6019940000,0.4678030000
CM12 0AA,51.6291750000,0.4190060000
CM12 0AB,51.6296750000,0.4190040000
CM12 0AD,51.6294740000,0.4201920000
CM12 0AE,51.6302270000,0.4196840000
CM12 0AF,51.6308040000,0.4101610000
CM12 0AG,51.6311140000,0.4172460000
CM12 0AH,51.6303420000,0.4210770000
CM12 0AJ,51.6315160000,0.4188550000
CM12 0AN,51.6326400000,0.4178180000
CM12 0AP,51.6322110000,0.4211910000
CM12 0AR,51.6322590000,0.4223500000
CM12 0AT,51.6348340000,0.4252330000
CM12 0AU,51.6345300000,0.4233960000
CM12 0AX,51.6339030000,0.4241720000
CM12 0AZ,51.6357860000,0.4240970000
CM12 0BA,51.6359590000,0.4212750000
CM12 0BB,51.6364820000,0.4238180000
CM12 0BD,51.6350000000,0.4258920000
CM12 0BE,51.6332060000,0.4248140000
CM12 0BG,51.6316940000,0.4228390000
CM12 0BH,51.6309960000,0.4221090000
CM11 1RN,51.6178100000,0.4845520000
CM11 1RP,51.6178280000,0.4803220000
CM11 1RR,51.6196990000,0.4837160000
CM11 1RT,51.6219410000,0.4823070000
CM11 1SA,51.6379980000,0.4357500000
CM11 1SB,51.6388700000,0.4370250000
CM11 1SD,51.6374670000,0.4353170000
CM11 1SE,51.6390340000,0.4399680000
CM11 1SF,51.6397620000,0.4395880000
CM11 1SG,51.6402260000,0.4410440000
CM11 1SH,51.6401930000,0.4400300000
CM11 1SJ,51.6411050000,0.4390100000
CM11 1SQ,51.6396880000,0.4400750000
CM11 1SX,51.6406360000,0.4373080000
CM11 1SY,51.6412630000,0.4382950000
CM11 1SZ,51.6415970000,0.4386750000
CM11 1WT,51.6469080000,0.4924030000
CM11 1WW,51.6228640000,0.4167200000
CM11 1ZY,51.6228640000,0.4167200000
CM11 2AA,51.6276610000,0.4198510000
CM11 2AD,51.6273030000,0.4207990000
CM11 2AE,51.6271430000,0.4239990000
CM11 2AG,51.6266920000,0.4201750000
CM11 2AH,51.6269020000,0.4217610000
CM11 2AJ,51.6265510000,0.4230570000
CM11 2AL,51.6262220000,0.4220280000
CM11 2AN,51.6263420000,0.4214570000
CM11 2AP,51.6257090000,0.4198480000
CM11 2AS,51.6252200000,0.4209060000
CM11 2AT,51.6257170000,0.4216690000
CM11 2AU,51.6251710000,0.4223910000
CM11 2AW,51.6262200000,0.4208140000
CM11 2AX,51.6258810000,0.4232820000
CM11 2AZ,51.6257210000,0.4236340000
CM11 2BA,51.6251520000,0.4233000000
CM11 2BB,51.6251650000,0.4248760000
CM11 2BD,51.6258680000,0.4252310000
CM11 2BE,51.6263260000,0.4248220000
CM11 2BG,51.6263320000,0.4262820000
CM11 2BH,51.6255630000,0.4264870000
CM11 2BJ,51.6258410000,0.4261110000
CM11 2BL,51.6248000000,0.4264170000
CM11 2BN,51.6246150000,0.4268400000
CM11 2BP,51.6240560000,0.4254530000
CM11 2BS,51.6246580000,0.4250220000
CM11 2BT,51.6239370000,0.4248240000
CM11 2BU,51.6236310000,0.4233930000
CM11 2BX,51.6246480000,0.4229270000
CM11 2BY,51.6241010000,0.4223780000
CM11 2BZ,51.6235460000,0.4240100000
CM11 2DA,51.6239800000,0.4203920000
CM11 2DB,51.6233940000,0.4208950000
CM11 2DF,51.6261140000,0.4285680000
CM11 2DG,51.6268410000,0.4269020000
CM11 2DH,51.6263870000,0.4279760000
CM11 2DJ,51.6249230000,0.4274490000
CM11 2DL,51.6250970000,0.4281380000
CM11 2DN,51.6264290000,0.4280930000
CM11 2DP,51.6268810000,0.4280020000
CM11 2DQ,51.6268750000,0.4274240000
CM11 2DR,51.6276410000,0.4273340000
CM11 2DS,51.6271400000,0.4284930000
CM11 2DT,51.6265380000,0.4289080000
CM11 2DU,51.6272400000,0.4289170000
CM11 2DX,51.6274940000,0.4300860000
CM11 2DZ,51.6265860000,0.4305290000
CM11 2EA,51.6274210000,0.4306030000
CM11 2EB,51.6278330000,0.4313450000
CM11 2ED,51.6268810000,0.4319180000
CM11 2EE,51.6277920000,0.4330650000
CM11 2EF,51.6271910000,0.4339130000
CM11 2EG,51.6277640000,0.4344070000
CM11 2EH,51.6257950000,0.4283050000
CM11 2EP,51.6247810000,0.4288420000
CM11 2ER,51.6240680000,0.4266240000
CM11 2EU,51.6252970000,0.4289290000
CM11 2EX,51.6248760000,0.4305820000
CM11 2EZ,51.6262160000,0.4297290000
CM11 2HA,51.6258630000,0.4315310000
CM11 2HB,51.6265010000,0.4337320000
CM11 2HG,51.6256530000,0.4347560000
CM11 2HH,51.6250870000,0.4329920000
CM11 2HJ,51.6257020000,0.4332420000
CM11 2HL,51.6245130000,0.4326280000
CM11 2HN,51.6228000000,0.4337070000
CM11 2HQ,51.6244010000,0.4354540000
CM11 2HR,51.6241030000,0.4329240000
CM11 2HS,51.6237090000,0.4317910000
CM11 2HT,51.6223690000,0.4310690000
CM11 2HU,51.6225220000,0.4317570000
CM11 2HW,51.6229660000,0.4311590000
CM11 2HZ,51.6241700000,0.4308050000
CM11 2JB,51.6141530000,0.4315840000
CM11 2JE,51.6017780000,0.4750840000
CM11 2JF,51.6241870000,0.4360360000
CM11 2JG,51.6247270000,0.4368740000
CM11 2JH,51.6248870000,0.4387320000
CM11 2JJ,51.6255350000,0.4382610000
CM11 2JL,51.6256010000,0.4368340000
CM11 2JN,51.6259020000,0.4379190000
CM11 2JP,51.6242980000,0.4384980000
CM11 2JQ,51.6251450000,0.4362750000
CM11 2JR,51.6238970000,0.4374650000
CM11 2JS,51.6233290000,0.4366400000
CM11 2JT,51.6232020000,0.4388730000
CM11 2JU,51.6223440000,0.4395060000
CM11 2JW,51.6263390000,0.4376680000
CM11 2JX,51.6216240000,0.4386580000
CM11 2JZ,51.6219780000,0.4384750000
CM11 2LA,51.6227280000,0.4387460000
CM11 2LB,51.6227320000,0.4376770000
CM11 2LD,51.6261650000,0.4360550000
CM11 2LE,51.6228610000,0.4403130000
CM11 2LG,51.6217260000,0.4398190000
CM11 2LH,51.6230370000,0.4411900000
CM11 2LJ,51.6233180000,0.4415370000
CM11 2LL,51.6231530000,0.4420920000
CM11 2LN,51.6240620000,0.4416210000
CM11 2LP,51.6240860000,0.4409140000
CM1 9SX,51.6790590000,0.4649000000
CM11 1AA,51.6343130000,0.4269250000
CM11 1AB,51.6316580000,0.4237620000
CM11 1AE,51.6292410000,0.4230130000
CM11 1AF,51.6285630000,0.4227740000
CM11 1AG,51.6300020000,0.4240790000
CM11 1AH,51.6292750000,0.4252980000
CM11 1AJ,51.6289440000,0.4234740000
CM11 1AL,51.6283410000,0.4265630000
CM11 1AN,51.6300650000,0.4249350000
CM11 1AP,51.6295600000,0.4258470000
CM11 1AQ,51.6284010000,0.4249920000
CM11 1AS,51.6309010000,0.4240840000
CM11 1AT,51.6313240000,0.4255500000
CM11 1AU,51.6370380000,0.4304380000
CM11 1BB,51.6311230000,0.4272750000
CM11 1BG,51.6326170000,0.4263290000
CM11 1BH,51.6340200000,0.4289470000
CM11 1BJ,51.6346580000,0.4276370000
CM11 1BL,51.6356040000,0.4289010000
CM11 1BN,51.6364510000,0.4275010000
CM11 1BP,51.6370670000,0.4286040000
CM11 1BS,51.6360630000,0.4303410000
CM11 1BT,51.6348750000,0.4306550000
CM11 1BU,51.6362220000,0.4333280000
CM11 1BY,51.6362710000,0.4322900000
CM11 1BZ,51.6387640000,0.4404020000
CM11 1DB,51.6377430000,0.4384680000
CM11 1DD,51.6377820000,0.4370250000
CM11 1DE,51.6405540000,0.4386620000
CM11 1DF,51.6395930000,0.4381620000
CM11 1DG,51.6396230000,0.4363000000
CM11 1DH,51.6391900000,0.4372300000
CM11 1DJ,51.6454220000,0.4343970000
CM11 1DL,51.6444720000,0.4366610000
CM11 1DP,51.6423250000,0.4373840000
CM11 1DQ,51.6400800000,0.4355290000
CM11 1DR,51.6434610000,0.4378910000
CM11 1DS,51.6440420000,0.4335440000
CM11 1DT,51.6427580000,0.4338800000
CM11 1DU,51.6437170000,0.4344520000
CM11 1DX,51.6435400000,0.4351800000
CM11 1DY,51.6436400000,0.4360230000
CM11 1DZ,51.6428810000,0.4357370000
CM11 1EA,51.6434100000,0.4366760000
CM11 1EB,51.6431020000,0.4372090000
CM11 1ED,51.6429100000,0.4365050000
CM11 1EE,51.6423100000,0.4359810000
CM11 1EF,51.6417500000,0.4352280000
CM11 1EG,51.6413280000,0.4343240000
CM11 1EH,51.6409590000,0.4334520000
CM11 1EJ,51.6418900000,0.4336460000
CM11 1EL,51.6417280000,0.4327840000
CM11 1EN,51.6447830000,0.4333530000
CM11 1EP,51.6411720000,0.4361800000
CM11 1ER,51.6403900000,0.4353140000
CM11 1ES,51.6414940000,0.4380190000
CM11 1ET,51.6293520000,0.4415290000
CM11 1EU,51.6294620000,0.4375320000
CM11 1EX,51.6290780000,0.4400260000
CM11 1EY,51.6282460000,0.4402410000
CM11 1EZ,51.6286300000,0.4375010000
CM11 1HA,51.6339650000,0.4415750000
CM11 1HB,51.6277000000,0.4431310000
CM11 1HD,51.6291290000,0.4431640000
CM11 1HE,51.6438480000,0.4473650000
CM11 1HG,51.6406690000,0.4417900000
CM11 1HH,51.6420090000,0.4400550000
CM11 1HJ,51.6366320000,0.4735130000
CM11 1HL,51.6357660000,0.4506730000
CM11 1HN,51.6316320000,0.4482120000
CM11 1HP,51.6318260000,0.4466710000
CM11 1HQ,51.6395140000,0.4419590000
CM11 1HR,51.6357400000,0.4579560000
CM11 1HS,51.6355590000,0.4664020000
CM11 1HU,51.6362300000,0.4729710000
CM11 1HX,51.6373780000,0.4722680000
CM11 1HY,51.6368510000,0.4742120000
CM11 1HZ,51.6376170000,0.4711530000
CM11 1JA,51.6375190000,0.4698330000
CM11 1JB,51.6373830000,0.4703460000
CM11 1JD,51.6371330000,0.4685400000
CM11 1JE,51.6379990000,0.4689050000
CM11 1JF,51.6382910000,0.4708010000
CM11 1JG,51.6385080000,0.4715770000
CM11 1JH,51.6479870000,0.4700670000
CM11 1JJ,51.6390190000,0.4703480000
CM11 1JL,51.6438180000,0.4703030000
CM11 1JN,51.6473150000,0.4700800000
CM11 1JR,51.6468260000,0.4625900000
CM11 1JS,51.6519740000,0.4729000000
CM11 1JT,51.6458400000,0.4819040000
CM11 1JY,51.6361640000,0.4671430000
CM11 1GG,51.6307880000,0.4260720000
CM12 0GG,51.6393920000,0.4059760000
CM12 0GH,51.6394930000,0.4064320000
CM12 0GP,51.6369810000,0.4135830000
CM12 2BU,51.6228610000,0.4166910000
CM12 2BW,51.6228610000,0.4166910000
CM12 2BX,51.6228610000,0.4166910000
CM12 2DH,51.6228610000,0.4166910000
CM12 2DR,51.6228610000,0.4166910000
CM12 2DS,51.6228610000,0.4166910000
CM12 2DW,51.6228610000,0.4166910000
CM12 2DY,51.6228610000,0.4166910000
CM12 2ED,51.6228610000,0.4166910000
CM12 9FR,51.6262250000,0.4172450000
CM12 9FS,51.6170690000,0.4215120000
CM12 9GF,51.6245270000,0.4176320000
CM2 8FQ,51.6841520000,0.4901080000
CM11 2EN,51.6051070000,0.4251940000
CM12 2EG,51.6228640000,0.4167200000
CM4 9FF,51.6639250000,0.4357520000
CM2 8FU,51.6964020000,0.4539760000
CM11 2EL,51.6235450000,0.4203100000
CM12 2EQ,51.6228640000,0.4167200000
CM12 0FU,51.6315620000,0.4104760000
CM12 2EZ,51.6228640000,0.4167200000
CM12 2FA,51.6228640000,0.4167200000
CM12 9FQ,51.6219460000,0.4162810000
CM12 2FB,51.6228640000,0.4167200000
CM12 2FG,51.6228640000,0.4167200000
CM12 2FL,51.6228640000,0.4167200000
CM12 2FN,51.6228640000,0.4167200000
CM12 2FP,51.6228640000,0.4167200000
CM12 2FQ,51.6228640000,0.4167200000
CM12 2FS,51.6228640000,0.4167200000
CM12 9FU,51.6171540000,0.4175290000
CM2 8FW,51.6813420000,0.4731250000
CM2 8FX,51.6946270000,0.4917360000
CM12 2FW,51.6228640000,0.4167200000
CM12 2FX,51.6228640000,0.4167200000
CM12 2FZ,51.6228640000,0.4167200000
CM12 2GE,51.6228640000,0.4167200000
CM12 9FX,51.6250850000,0.4175890000
CM4 9FL,51.6845760000,0.4179920000
CM12 2GJ,51.6228640000,0.4167200000
CM12 2GL,51.6228640000,0.4167200000
CM12 2GQ,51.6228640000,0.4167200000
CM2 8FY,51.6971670000,0.4941330000
