BD12 8QS,53.7356230000,-1.7720760000
BD12 8QT,53.7349270000,-1.7730010000
BD12 8QU,53.7356800000,-1.7733790000
BD12 8QW,53.7363550000,-1.7724930000
BD12 8QX,53.7361330000,-1.7737980000
BD12 8QY,53.7355590000,-1.7745900000
BD12 8QZ,53.7350920000,-1.7745160000
BD12 8RA,53.7348030000,-1.7739570000
BD12 8RB,53.7352990000,-1.7749850000
BD12 8RD,53.7358210000,-1.7754520000
BD12 8RE,53.7359300000,-1.7758310000
BD12 8RH,53.7340220000,-1.7746580000
BD12 8RJ,53.7338330000,-1.7741440000
BD12 8RL,53.7332390000,-1.7739960000
BD12 8RN,53.7328240000,-1.7733310000
BD12 8RP,53.7331560000,-1.7730560000
BD12 8RQ,53.7344630000,-1.7752170000
BD12 8RR,53.7329070000,-1.7744520000
BD12 8RS,53.7320340000,-1.7734110000
BD12 8RT,53.7321430000,-1.7741230000
BD12 8RU,53.7324180000,-1.7722720000
BD12 8RX,53.7329210000,-1.7722390000
BD12 8RY,53.7333080000,-1.7725400000
BD12 8SA,53.7331620000,-1.7713740000
BD12 8SB,53.7339270000,-1.7718850000
BD12 8SD,53.7334080000,-1.7729790000
BD12 8SE,53.7342090000,-1.7736570000
BD12 8SH,53.7339460000,-1.7727190000
BD12 8SJ,53.7342240000,-1.7720960000
BD12 8SL,53.7352020000,-1.7712410000
BD12 8SQ,53.7339840000,-1.7731430000
BD12 9AA,53.7316050000,-1.7750210000
BD12 9AB,53.7309470000,-1.7752540000
BD12 9AD,53.7291950000,-1.7748960000
BD12 9AE,53.7298590000,-1.7734980000
BD12 9AH,53.7296130000,-1.7717110000
BD12 9AJ,53.7300690000,-1.7705570000
BD12 9AL,53.7267780000,-1.7746060000
BD12 9AP,53.7392860000,-1.7680960000
BD12 9AQ,53.7294090000,-1.7732430000
BD12 9AS,53.7388330000,-1.7662490000
BD12 9AT,53.7387230000,-1.7650060000
BD12 9AU,53.7383880000,-1.7637200000
BD12 9AX,53.7377690000,-1.7648000000
BD12 9AY,53.7375280000,-1.7655740000
BD12 9BA,53.7363670000,-1.7646560000
BD12 9BB,53.7371750000,-1.7641960000
BD12 9BD,53.7373800000,-1.7634980000
BD12 9BE,53.7369840000,-1.7632420000
BD12 9BG,53.7371020000,-1.7591030000
BD12 9BH,53.7365340000,-1.7625780000
BD12 9BJ,53.7362750000,-1.7633680000
BD12 9BP,53.7367070000,-1.7640320000
BD12 9BQ,53.7370560000,-1.7676840000
BD12 9BS,53.7365730000,-1.7640480000
BD12 9BT,53.7366940000,-1.7665490000
BD12 9BU,53.7369560000,-1.7670480000
BD12 9BX,53.7356240000,-1.7660390000
BD12 9BY,53.7354860000,-1.7643420000
BD12 9DA,53.7351190000,-1.7654210000
BD12 9DB,53.7353650000,-1.7624050000
BD12 9DD,53.7360500000,-1.7631870000
BD12 9DE,53.7358220000,-1.7615510000
BD12 9DH,53.7364930000,-1.7601070000
BD12 9DJ,53.7351260000,-1.7597360000
BD12 9DL,53.7348230000,-1.7609350000
BD12 9DN,53.7342140000,-1.7623030000
BD12 9DP,53.7342200000,-1.7576070000
BD12 9DQ,53.7363150000,-1.7608810000
BD12 9DR,53.7336020000,-1.7573190000
BD12 9DS,53.7329540000,-1.7568080000
BD12 9DT,53.7332290000,-1.7551540000
BD12 9DU,53.7333580000,-1.7563960000
BD12 9DX,53.7345300000,-1.7537670000
BD12 9DY,53.7342730000,-1.7469620000
BD12 9EA,53.7371300000,-1.7507200000
BD12 9EB,53.7376390000,-1.7502950000
BD12 9ED,53.7372330000,-1.7527660000
BD12 9EE,53.7386430000,-1.7477240000
BD12 9EF,53.7377380000,-1.7623740000
BD12 9EJ,53.7411570000,-1.7551990000
BD12 9EL,53.7398720000,-1.7598000000
BD12 9EN,53.7381160000,-1.7629480000
BD12 9EP,53.7383000000,-1.7605210000
BD12 9EQ,53.7443100000,-1.7499800000
BD12 9ER,53.7392880000,-1.7601520000
BD12 9ES,53.7377610000,-1.7606310000
BD12 9ET,53.7373950000,-1.7619820000
BD12 9EU,53.7383290000,-1.7628590000
BD12 9EW,53.7394630000,-1.7622890000
BD12 9EX,53.7381710000,-1.7630690000
BD12 9EY,53.7377580000,-1.7637080000
BD12 9EZ,53.7399750000,-1.7619820000
BD12 9HA,53.7443040000,-1.7649900000
BD12 9HB,53.7440920000,-1.7619900000
BD12 9HD,53.7444400000,-1.7608350000
BD12 9HE,53.7439730000,-1.7611110000
BD12 9HF,53.7446820000,-1.7652160000
BD12 9HH,53.7446950000,-1.7583770000
BD12 9HJ,53.7449440000,-1.7567380000
BD12 9HL,53.7443240000,-1.7568480000
BD12 9HN,53.7451730000,-1.7588600000
BD12 9HP,53.7452180000,-1.7589660000
BD12 9HQ,53.7443110000,-1.7595620000
BD12 9HR,53.7450940000,-1.7597090000
BD12 9HS,53.7450760000,-1.7597700000
BD12 9JA,53.7396560000,-1.7688220000
BD12 9JB,53.7388980000,-1.7691170000
BD12 9JD,53.7393200000,-1.7685540000
BD12 9JE,53.7388880000,-1.7670220000
BD12 9JF,53.7386660000,-1.7682660000
BD12 9JG,53.7341070000,-1.7674580000
BD12 9JH,53.7385600000,-1.7693890000
BD12 9JJ,53.7383510000,-1.7694540000
BD12 9JL,53.7376890000,-1.7694240000
BD12 9JN,53.7375910000,-1.7700000000
BD12 9JP,53.7360240000,-1.7686290000
BD12 9JQ,53.7376860000,-1.7681200000
BD12 9JR,53.7349510000,-1.7665280000
BD12 9JS,53.7345670000,-1.7678040000
BD12 9JT,53.7350260000,-1.7683320000
BD12 9JU,53.7340730000,-1.7682910000
BD12 9JX,53.7330670000,-1.7684180000
BD12 9JY,53.7333970000,-1.7674010000
BD12 9JZ,53.7328860000,-1.7677220000
BD12 9LA,53.7321700000,-1.7694080000
BD12 9LB,53.7327370000,-1.7696930000
BD12 9LD,53.7334010000,-1.7693870000
BD12 9LE,53.7326040000,-1.7664350000
BD12 9LH,53.7337540000,-1.7657920000
BD12 9LJ,53.7340110000,-1.7639110000
BD12 9LL,53.7343270000,-1.7647580000
BD12 9LN,53.7333190000,-1.7640210000
BD12 9LP,53.7333320000,-1.7629020000
BD12 9LQ,53.7329560000,-1.7668730000
BD12 9LR,53.7337610000,-1.7605470000
BD12 9LS,53.7327220000,-1.7578400000
BD12 9LT,53.7312730000,-1.7566960000
BD12 9LU,53.7316340000,-1.7576640000
BD12 9LX,53.7307090000,-1.7579270000
BD12 9LY,53.7326880000,-1.7587490000
BD12 9NA,53.7321300000,-1.7721370000
BD12 9NB,53.7317560000,-1.7738820000
BD12 9NG,53.7379190000,-1.7679970000
BD12 9NH,53.7394800000,-1.7660940000
BD12 9NJ,53.7395170000,-1.7668210000
BD12 9NL,53.7391270000,-1.7655500000
BD12 9NN,53.7395380000,-1.7639250000
BD12 9NP,53.7399530000,-1.7643170000
BD12 9NR,53.7398660000,-1.7657730000
BD12 9NS,53.7398250000,-1.7678200000
BD12 9NT,53.7401850000,-1.7685000000
BD12 9NU,53.7400230000,-1.7681530000
BD12 9NW,53.7390570000,-1.7660810000
BD12 9NX,53.7409220000,-1.7683910000
BD12 9PA,53.7406790000,-1.7680440000
BD12 9PE,53.7403700000,-1.7678360000
BD12 9PH,53.7406050000,-1.7671190000
BD12 9PL,53.7401520000,-1.7651350000
BD12 9PN,53.7405400000,-1.7657090000
BD12 9PP,53.7404910000,-1.7636470000
BD12 9PQ,53.7404160000,-1.7670130000
BD12 9PR,53.7409410000,-1.7642210000
BD12 9PS,53.7407510000,-1.7637670000
BD12 9PT,53.7405510000,-1.7624950000
BD12 9PU,53.7412180000,-1.7634920000
BD12 9PX,53.7420830000,-1.7658850000
BD12 9PY,53.7421910000,-1.7643500000
BD12 9QA,53.7422550000,-1.7650630000
BD12 9QB,53.7422190000,-1.7666280000
BD12 9QE,53.7432540000,-1.7654970000
BD12 9QH,53.7432860000,-1.7636920000
BD12 9QJ,53.7404140000,-1.7660580000
BD12 9QP,53.7391930000,-1.7621540000
BD12 9QQ,53.7437720000,-1.7643120000
BD12 9QR,53.7398900000,-1.7690480000
BD12 7BP,53.7490270000,-1.7450230000
BD12 7BQ,53.7503300000,-1.7489280000
BD12 7BT,53.7491050000,-1.7435970000
BD12 7BU,53.7492190000,-1.7423530000
BD12 7BW,53.7503860000,-1.7500040000
BD12 7BX,53.7485970000,-1.7426330000
BD12 7BY,53.7487200000,-1.7407640000
BD12 7BZ,53.7485740000,-1.7434790000
BD12 7DA,53.7483070000,-1.7415590000
BD12 7DB,53.7480750000,-1.7413590000
BD12 7DD,53.7482190000,-1.7412980000
BD12 7DE,53.7481650000,-1.7409950000
BD12 7DF,53.7495540000,-1.7518740000
BD12 7DH,53.7479920000,-1.7399650000
BD12 7DJ,53.7466380000,-1.7416560000
BD12 7DN,53.7468230000,-1.7400180000
BD12 7DP,53.7471640000,-1.7411560000
BD12 7DQ,53.7481020000,-1.7409650000
BD12 7DR,53.7471290000,-1.7400000000
BD12 7DS,53.7472830000,-1.7405610000
BD12 7DT,53.7469190000,-1.7388190000
BD12 7DU,53.7471110000,-1.7399250000
BD12 7DW,53.7470020000,-1.7397740000
BD12 7DX,53.7470440000,-1.7396250000
BD12 7DY,53.7470620000,-1.7382570000
BD12 7EA,53.7465050000,-1.7383210000
BD12 7EB,53.7452890000,-1.7375090000
BD12 7ED,53.7461130000,-1.7402650000
BD12 7EE,53.7458440000,-1.7394470000
BD12 7EF,53.7464460000,-1.7402780000
BD12 7EG,53.7458070000,-1.7396750000
BD12 7EH,53.7464950000,-1.7379120000
BD12 7EJ,53.7440450000,-1.7353500000
BD12 7EL,53.7445230000,-1.7363620000
BD12 7EN,53.7450060000,-1.7352980000
BD12 7EQ,53.7466930000,-1.7380320000
BD12 7ER,53.7463520000,-1.7341830000
BD12 7ES,53.7463450000,-1.7360970000
BD12 7ET,53.7492180000,-1.7298730000
BD12 7EU,53.7486510000,-1.7334860000
BD12 7EW,53.7457420000,-1.7387350000
BD12 7EX,53.7491370000,-1.7336800000
BD12 7EY,53.7487240000,-1.7337280000
BD12 7EZ,53.7494760000,-1.7336660000
BD12 7HA,53.7489550000,-1.7339270000
BD12 7HB,53.7489050000,-1.7344700000
BD12 7HD,53.7486610000,-1.7348240000
BD12 7HE,53.7482050000,-1.7348990000
BD12 7HF,53.7485090000,-1.7342450000
BD12 7HG,53.7493240000,-1.7328140000
BD12 7HH,53.7480960000,-1.7343840000
BD12 7HJ,53.7502580000,-1.7410280000
BD12 7HL,53.7452920000,-1.7467590000
BD12 7HN,53.7449790000,-1.7476410000
BD12 7HP,53.7447730000,-1.7481120000
BD12 7HR,53.7467160000,-1.7459350000
BD12 7HS,53.7473140000,-1.7469290000
BD12 7HT,53.7476750000,-1.7472450000
BD12 7HU,53.7502910000,-1.7324930000
BD12 7HW,53.7525150000,-1.7468100000
BD12 7HX,53.7505000000,-1.7319730000
BD12 7HY,53.7455320000,-1.7426980000
BD12 8AA,53.7423750000,-1.7680820000
BD12 8AB,53.7425940000,-1.7683200000
BD12 8AD,53.7431230000,-1.7674840000
BD12 8AE,53.7429800000,-1.7680760000
BD12 8AH,53.7435120000,-1.7687550000
BD12 8AJ,53.7429740000,-1.7694560000
BD12 8AN,53.7443490000,-1.7694030000
BD12 8AP,53.7456440000,-1.7699410000
BD12 8AQ,53.7433630000,-1.7678490000
BD12 8AR,53.7440770000,-1.7683730000
BD12 8AS,53.7444350000,-1.7673850000
BD12 8AT,53.7444360000,-1.7681280000
BD12 8AU,53.7449680000,-1.7688840000
BD12 8AW,53.7445250000,-1.7677640000
BD12 8AX,53.7451380000,-1.7687160000
BD12 8AY,53.7453530000,-1.7681540000
BD12 8BA,53.7450860000,-1.7694440000
BD12 8BB,53.7459480000,-1.7689690000
BD12 8BD,53.7459660000,-1.7693030000
BD12 8BG,53.7462360000,-1.7695440000
BD12 8BH,53.7460930000,-1.7699690000
BD12 8BL,53.7457220000,-1.7701110000
BD12 8BN,53.7462080000,-1.7703810000
BD12 8BP,53.7463970000,-1.7705770000
BD12 8BT,53.7467670000,-1.7699500000
BD12 8BU,53.7467860000,-1.7701170000
BD12 8BW,53.7469720000,-1.7704530000
BD12 8BX,53.7481250000,-1.7703680000
BD12 8BY,53.7471820000,-1.7703120000
BD12 8BZ,53.7464810000,-1.7703310000
BD12 8DA,53.7480830000,-1.7714290000
BD12 8DB,53.7472110000,-1.7714190000
BD12 8DD,53.7464480000,-1.7720290000
BD12 8DE,53.7468880000,-1.7719970000
BD12 8DG,53.7492670000,-1.7704220000
BD12 8DH,53.7459440000,-1.7725180000
BD12 8DJ,53.7461450000,-1.7734410000
BD12 8DL,53.7470710000,-1.7737700000
BD12 8DN,53.7475460000,-1.7727060000
BD12 8DP,53.7490450000,-1.7720460000
BD12 8DQ,53.7460330000,-1.7712430000
BD12 8DR,53.7484010000,-1.7732320000
BD12 8DS,53.7481960000,-1.7745830000
BD12 8DT,53.7483660000,-1.7742030000
BD12 8DU,53.7485830000,-1.7745500000
BD12 8DX,53.7482360000,-1.7764480000
BD12 8DY,53.7478460000,-1.7747060000
BD12 8EA,53.7475420000,-1.7753290000
BD12 8EB,53.7469830000,-1.7743920000
BD12 8EE,53.7461130000,-1.7761250000
BD12 8EH,53.7464510000,-1.7737430000
BD12 8EN,53.7465120000,-1.7726510000
BD12 8ER,53.7456490000,-1.7724280000
BD12 8ES,53.7446300000,-1.7709020000
BD12 8ET,53.7445590000,-1.7714480000
BD12 8EU,53.7442620000,-1.7713130000
BD12 8EW,53.7422270000,-1.7786930000
BD12 8EX,53.7440370000,-1.7714510000
BD12 8EY,53.7423530000,-1.7785260000
BD12 8EZ,53.7464800000,-1.7861800000
BD12 8HH,53.7404160000,-1.7685630000
BD12 8HJ,53.7399520000,-1.7700210000
BD12 8HN,53.7408690000,-1.7686790000
BD12 8HP,53.7405640000,-1.7690590000
BD12 8HQ,53.7399770000,-1.7725190000
BD12 8HR,53.7406440000,-1.7685130000
BD12 8HT,53.7406120000,-1.7706810000
BD12 8HU,53.7409510000,-1.7709400000
BD12 8HW,53.7395470000,-1.7731890000
BD12 8HX,53.7413060000,-1.7714200000
BD12 8HY,53.7392160000,-1.7739030000
BD12 8HZ,53.7403270000,-1.7717900000
BD12 8JA,53.7394050000,-1.7690810000
BD12 8JB,53.7396670000,-1.7699280000
BD12 8JH,53.7401150000,-1.7691680000
BD12 8JJ,53.7394250000,-1.7704450000
BD12 8JL,53.7393600000,-1.7690360000
BD12 8JN,53.7391910000,-1.7700980000
BD12 8JP,53.7390220000,-1.7709170000
BD12 8JQ,53.7393770000,-1.7698090000
BD12 8JR,53.7389600000,-1.7717210000
BD12 8JS,53.7387090000,-1.7720260000
BD12 8JT,53.7386670000,-1.7704220000
BD12 8JU,53.7382930000,-1.7707390000
BD12 8JW,53.7375160000,-1.7734270000
BD12 8JX,53.7380630000,-1.7724080000
BD12 8JY,53.7374370000,-1.7744730000
BD12 8JZ,53.7377720000,-1.7723670000
BD12 8LA,53.7381410000,-1.7757430000
BD12 8LB,53.7367440000,-1.7739620000
BD12 8LD,53.7372000000,-1.7725950000
BD12 8LE,53.7371970000,-1.7707760000
BD12 8LF,53.7371480000,-1.7736870000
BD12 8LH,53.7366110000,-1.7763910000
BD12 8LJ,53.7347270000,-1.7763850000
BD12 8LL,53.7307280000,-1.7771320000
BD12 8LN,53.7298920000,-1.7787000000
BD12 8LP,53.7297200000,-1.7763640000
BD12 8LQ,53.7363950000,-1.7745090000
BD12 8LR,53.7285040000,-1.7745820000
BD12 8LS,53.7321540000,-1.7751380000
BD12 8LT,53.7379420000,-1.7721540000
BD12 8NA,53.7418460000,-1.7675210000
BD12 8NB,53.7424660000,-1.7672750000
BD12 8ND,53.7445150000,-1.7669760000
BD12 8NE,53.7448100000,-1.7665190000
BD12 8NF,53.7455700000,-1.7644830000
BD12 8NG,53.7461770000,-1.7622960000
BD12 8NJ,53.7455140000,-1.7677130000
BD12 8NL,53.7458370000,-1.7676200000
BD12 8NP,53.7460010000,-1.7684990000
BD12 8NQ,53.7451440000,-1.7667750000
BD12 8NY,53.7457930000,-1.7679840000
BD12 8PD,53.7478970000,-1.7682460000
BD12 8PE,53.7472990000,-1.7659900000
BD12 8PH,53.7466050000,-1.7647350000
BD12 8PJ,53.7458800000,-1.7665280000
BD12 0DL,53.7564160000,-1.7720060000
BD12 0DN,53.7566670000,-1.7720050000
BD12 0DS,53.7569460000,-1.7720330000
BD12 0DW,53.7567030000,-1.7717460000
BD12 0DX,53.7560190000,-1.7716590000
BD12 0EA,53.7545930000,-1.7776880000
BD12 0EB,53.7535600000,-1.7783450000
BD12 0ED,53.7534690000,-1.7776330000
BD12 0EG,53.7553790000,-1.7703740000
BD12 0EH,53.7552910000,-1.7714200000
BD12 0EJ,53.7508290000,-1.7837580000
BD12 0EL,53.7552240000,-1.7754730000
BD12 0EN,53.7553180000,-1.7764560000
BD12 0EP,53.7548610000,-1.7772160000
BD12 0EQ,53.7558970000,-1.7687180000
BD12 0ER,53.7557240000,-1.7771810000
BD12 0ES,53.7562000000,-1.7771180000
BD12 0EU,53.7564610000,-1.7768590000
BD12 0EW,53.7555700000,-1.7762570000
BD12 0EX,53.7560190000,-1.7780630000
BD12 0EY,53.7566690000,-1.7775100000
BD12 0EZ,53.7560040000,-1.7775740000
BD12 0GA,53.7548210000,-1.7607610000
BD12 0HA,53.7555720000,-1.7774700000
BD12 0HB,53.7554570000,-1.7555710000
BD12 0HD,53.7572190000,-1.7616310000
BD12 0HE,53.7578050000,-1.7606850000
BD12 0HF,53.7573370000,-1.7606860000
BD12 0HG,53.7560080000,-1.7567500000
BD12 0HH,53.7608990000,-1.7590920000
BD12 0HJ,53.7608830000,-1.7583910000
BD12 0HL,53.7589050000,-1.7593760000
BD12 0HN,53.7575330000,-1.7599120000
BD12 0HP,53.7570290000,-1.7593680000
BD12 0HQ,53.7604960000,-1.7597160000
BD12 0HR,53.7567960000,-1.7599160000
BD12 0HS,53.7547010000,-1.7593970000
BD12 0HT,53.7536840000,-1.7584020000
BD12 0HU,53.7537090000,-1.7580220000
BD12 0HW,53.7555140000,-1.7568590000
BD12 0HX,53.7540860000,-1.7575200000
BD12 0HY,53.7542650000,-1.7572150000
BD12 0HZ,53.7544030000,-1.7543030000
BD12 0JA,53.7541390000,-1.7567310000
BD12 0JB,53.7539130000,-1.7565200000
BD12 0JD,53.7537340000,-1.7568550000
BD12 0JE,53.7531160000,-1.7579200000
BD12 0JF,53.7547040000,-1.7565300000
BD12 0JG,53.7546020000,-1.7548930000
BD12 0JH,53.7525910000,-1.7566640000
BD12 0JL,53.7522780000,-1.7568020000
BD12 0JN,53.7531750000,-1.7556440000
BD12 0JP,53.7539500000,-1.7526220000
BD12 0JQ,53.7537510000,-1.7559750000
BD12 0JR,53.7544000000,-1.7528160000
BD12 0JS,53.7531000000,-1.7544010000
BD12 0JT,53.7530520000,-1.7527030000
BD12 0JU,53.7526930000,-1.7529180000
BD12 0JW,53.7555640000,-1.7550570000
BD12 0JX,53.7521930000,-1.7546190000
BD12 0JY,53.7517630000,-1.7553950000
BD12 0JZ,53.7514320000,-1.7559880000
BD12 0LA,53.7508540000,-1.7547630000
BD12 0LB,53.7506010000,-1.7542040000
BD12 0LE,53.7508710000,-1.7543690000
BD12 0LG,53.7516170000,-1.7543640000
BD12 0LH,53.7506880000,-1.7529440000
BD12 0LJ,53.7511570000,-1.7536540000
BD12 0LL,53.7515620000,-1.7538190000
BD12 0LN,53.7517060000,-1.7538180000
BD12 0LP,53.7497150000,-1.7574270000
BD12 0LQ,53.7509960000,-1.7540650000
BD12 0LS,53.7509720000,-1.7524460000
BD12 0LT,53.7521760000,-1.7510100000
BD12 0LU,53.7497260000,-1.7568780000
BD12 0LX,53.7512070000,-1.7514100000
BD12 0LZ,53.7499640000,-1.7547840000
BD12 0NB,53.7538990000,-1.7676060000
BD12 0ND,53.7539140000,-1.7676090000
BD12 0NE,53.7563020000,-1.7554600000
BD12 8PL,53.7458530000,-1.7665590000
BD12 8PN,53.7457610000,-1.7653770000
BD12 8PP,53.7458790000,-1.7658460000
BD12 8PQ,53.7463020000,-1.7664810000
BD12 8PR,53.7463270000,-1.7654950000
BD12 8PS,53.7462770000,-1.7672390000
BD12 8PT,53.7470440000,-1.7687660000
BD12 8PU,53.7462610000,-1.7682550000
BD12 8PX,53.7467730000,-1.7680250000
BD12 8PY,53.7475160000,-1.7668230000
BD12 8PZ,53.7473290000,-1.7675210000
BD12 8QA,53.7346760000,-1.7688040000
BD12 8QB,53.7339230000,-1.7695050000
BD12 8QD,53.7347420000,-1.7704560000
BD12 8QH,53.7368140000,-1.7694170000
BD12 8QJ,53.7366210000,-1.7704150000
BD12 8QL,53.7362980000,-1.7709170000
BD12 8QN,53.7357750000,-1.7699040000
BD12 8QP,53.7354330000,-1.7694660000
BD12 8QR,53.7349550000,-1.7690450000
BD12 0NF,53.7520570000,-1.7643900000
BD12 0NH,53.7579980000,-1.7584220000
BD12 0NJ,53.7577810000,-1.7580290000
BD12 0NL,53.7575470000,-1.7578790000
BD12 0NN,53.7566570000,-1.7574900000
BD12 0NP,53.7566830000,-1.7570200000
BD12 0NQ,53.7532570000,-1.7622600000
BD12 0NR,53.7576900000,-1.7573930000
BD12 0NS,53.7593650000,-1.7587480000
BD12 0NT,53.7588880000,-1.7586150000
BD12 0NU,53.7604400000,-1.7588370000
BD12 0NX,53.7593720000,-1.7580350000
BD12 0NY,53.7555030000,-1.7603770000
BD12 0NZ,53.7538880000,-1.7574600000
BD12 0PA,53.7599000000,-1.7566670000
BD12 0PB,53.7596490000,-1.7572450000
BD12 0PD,53.7606210000,-1.7577860000
BD12 0PE,53.7606630000,-1.7562080000
BD12 0PH,53.7591620000,-1.7560950000
BD12 0PJ,53.7583820000,-1.7570700000
BD12 0PL,53.7585220000,-1.7554620000
BD12 0PN,53.7580970000,-1.7541450000
BD12 0PP,53.7594200000,-1.7549410000
BD12 0PQ,53.7616370000,-1.7583410000
BD12 0PR,53.7588180000,-1.7550350000
BD12 0PS,53.7594390000,-1.7554410000
BD12 0PT,53.7589680000,-1.7536540000
BD12 0PU,53.7575000000,-1.7564990000
BD12 0PX,53.7570760000,-1.7559860000
BD12 0PY,53.7574350000,-1.7558780000
BD12 0QA,53.7555300000,-1.7619130000
BD12 0QB,53.7567780000,-1.7524720000
BD12 0QD,53.7576540000,-1.7528880000
BD12 0QF,53.7546840000,-1.7613720000
BD12 0QJ,53.7528300000,-1.7628200000
BD12 0QL,53.7537830000,-1.7630120000
BD12 0QN,53.7515170000,-1.7641950000
BD12 0QP,53.7504450000,-1.7631850000
BD12 0QR,53.7507380000,-1.7640140000
BD12 0QS,53.7504790000,-1.7650020000
BD12 0QT,53.7490250000,-1.7662380000
BD12 0QU,53.7480750000,-1.7672900000
BD12 0QW,53.7533400000,-1.7588320000
BD12 0QY,53.7489870000,-1.7651770000
BD12 0QZ,53.7486750000,-1.7661030000
BD12 0RA,53.7497040000,-1.7637620000
BD12 0RG,53.7483580000,-1.7566280000
BD12 0RP,53.7510170000,-1.7645890000
BD12 0RQ,53.7498920000,-1.7589540000
BD12 0RR,53.7510910000,-1.7653770000
BD12 0RS,53.7509110000,-1.7650750000
BD12 0RT,53.7513710000,-1.7661190000
BD12 0RU,53.7524160000,-1.7674780000
BD12 0RW,53.7488940000,-1.7635390000
BD12 0RY,53.7480470000,-1.7640630000
BD12 0SA,53.7550580000,-1.7673880000
BD12 0SD,53.7553510000,-1.7651260000
BD12 0SG,53.7553840000,-1.7654170000
BD12 0SL,53.7541110000,-1.7656490000
BD12 0SN,53.7561670000,-1.7645160000
BD12 0ST,53.7556990000,-1.7638350000
BD12 0SU,53.7559960000,-1.7641210000
BD12 0SW,53.7543000000,-1.7654200000
BD12 0SX,53.7565450000,-1.7644520000
BD12 0SY,53.7569300000,-1.7638890000
BD12 0TA,53.7564970000,-1.7631180000
BD12 0TB,53.7570620000,-1.7623560000
BD12 0TD,53.7580160000,-1.7629420000
BD12 0TE,53.7571450000,-1.7636450000
BD12 0TH,53.7538500000,-1.7698970000
BD12 0TJ,53.7545750000,-1.7683150000
BD12 0TL,53.7550640000,-1.7703900000
BD12 0TN,53.7547750000,-1.7711230000
BD12 0TP,53.7550230000,-1.7721500000
BD12 0TQ,53.7566190000,-1.7656350000
BD12 0TR,53.7545580000,-1.7741690000
BD12 0TS,53.7544450000,-1.7755500000
BD12 0TT,53.7535850000,-1.7722640000
BD12 0TU,53.7529580000,-1.7702690000
BD12 0TW,53.7567000000,-1.7611900000
BD12 0TX,53.7519820000,-1.7707410000
BD12 0TY,53.7522260000,-1.7713160000
BD12 0TZ,53.7521930000,-1.7680710000
BD12 0UA,53.7515520000,-1.7713800000
BD12 0UD,53.7523100000,-1.7683580000
BD12 0UE,53.7518790000,-1.7683300000
BD12 0UF,53.7551590000,-1.7638230000
BD12 0UH,53.7501150000,-1.7674910000
BD12 0UJ,53.7507420000,-1.7660310000
BD12 0UL,53.7506630000,-1.7674120000
BD12 0UN,53.7484720000,-1.7683490000
BD12 0UP,53.7483220000,-1.7697140000
BD12 0UQ,53.7515290000,-1.7686050000
BD12 0UT,53.7514940000,-1.7694850000
BD12 0UW,53.7491650000,-1.7688760000
BD12 0UX,53.7490820000,-1.7674050000
BD12 0UY,53.7476200000,-1.7693390000
BD12 0UZ,53.7477180000,-1.7690200000
BD12 7AA,53.7475180000,-1.7412720000
BD12 7AB,53.7479090000,-1.7433470000
BD12 7AD,53.7485220000,-1.7443740000
BD12 7AF,53.7498820000,-1.7470540000
BD12 7AG,53.7481290000,-1.7451960000
BD12 7AH,53.7475590000,-1.7434250000
BD12 7AJ,53.7475690000,-1.7444560000
BD12 7AL,53.7478510000,-1.7457280000
BD12 7AN,53.7474470000,-1.7457760000
BD12 7AP,53.7476180000,-1.7461240000
BD12 7AQ,53.7478300000,-1.7443940000
BD12 7AR,53.7478680000,-1.7459550000
BD12 7AT,53.7485520000,-1.7457840000
BD12 7AU,53.7483110000,-1.7464680000
BD12 7AX,53.7496770000,-1.7462780000
BD12 7AY,53.7494190000,-1.7475990000
BD12 7BA,53.7499620000,-1.7492940000
BD12 7BB,53.7500260000,-1.7497790000
BD12 7BD,53.7500920000,-1.7511890000
BD12 7BG,53.7501240000,-1.7496720000
BD12 7BH,53.7504940000,-1.7472930000
BD12 7BJ,53.7506180000,-1.7494420000
BD12 7BN,53.7503380000,-1.7485030000
BD12 0AA,53.7567200000,-1.7667410000
BD12 0AB,53.7563970000,-1.7669710000
BD12 0AD,53.7558680000,-1.7676260000
BD12 0AF,53.7566770000,-1.7678790000
BD12 0AG,53.7568580000,-1.7685000000
BD12 0AP,53.7562960000,-1.7703230000
BD12 0AS,53.7557120000,-1.7706140000
BD12 0AT,53.7556930000,-1.7699170000
BD12 0AZ,53.7566940000,-1.7675150000
BD12 0BE,53.7570770000,-1.7701820000
BD12 0DA,53.7573360000,-1.7698620000
BD12 0DB,53.7574550000,-1.7720790000
BD12 0DD,53.7569660000,-1.7695150000
BD12 0DF,53.7583390000,-1.7722530000
BD12 0DH,53.7582570000,-1.7711620000
BD12 0DJ,53.7592220000,-1.7732190000
BD12 0AN,53.7573760000,-1.7667680000
BD12 0AH,53.7564420000,-1.7717930000
BD12 0YP,53.7819010000,-1.7561910000
BD12 7AS,53.7483770000,-1.7449700000
BD12 8AL,53.7425670000,-1.7713840000
BD12 8RF,53.7365930000,-1.7697180000
BD12 9PB,53.7409450000,-1.7679540000
BD12 8AG,53.7329520000,-1.7756980000
BD12 8AZ,53.7319670000,-1.7763220000
BD12 9RA,53.7425860000,-1.7658830000
BD12 0AJ,53.7543270000,-1.7719900000
BD12 0AL,53.7514070000,-1.7540960000
BD12 8PW,53.7471320000,-1.7648870000
BD12 9AG,53.7386810000,-1.7682690000
BD12 0AQ,53.7532300000,-1.7714050000
BD12 7AW,53.7469530000,-1.7473140000
