DN7 6SE,53.5740530000,-1.0066250000
DN7 6SF,53.5745930000,-1.0048550000
DN7 6SG,53.5751520000,-1.0040410000
DN7 6SH,53.5755920000,-1.0039930000
DN7 6SJ,53.5761670000,-1.0038890000
DN7 6SL,53.5775470000,-1.0055860000
DN7 6SN,53.5780930000,-1.0052410000
DN7 6SP,53.5783600000,-1.0070920000
DN7 6SQ,53.5748020000,-1.0030380000
DN7 6SR,53.5777930000,-1.0060030000
DN7 6SS,53.5781200000,-1.0075060000
DN7 6ST,53.5767860000,-1.0004840000
DN7 6SW,53.5773440000,-1.0050020000
DN7 6TD,53.5471010000,-0.9714360000
DN7 6TE,53.5494860000,-0.9603150000
DN7 6TL,53.5800740000,-1.0014330000
DN7 6TP,53.5816200000,-1.0100820000
DN7 6TR,53.5821100000,-1.0095720000
DN7 6AH,53.5708310000,-1.0129790000
DN7 6AL,53.5694110000,-1.0151540000
DN7 6AN,53.5681160000,-1.0173270000
DN7 6AP,53.5684220000,-1.0151170000
DN7 6AQ,53.5715770000,-1.0107850000
DN7 6AR,53.5690600000,-1.0140600000
DN7 6AS,53.5696070000,-1.0139570000
DN7 6AT,53.5674550000,-1.0156230000
DN7 6AU,53.5676930000,-1.0162060000
DN7 6AW,53.5687500000,-1.0157430000
DN7 6AX,53.5706440000,-1.0110330000
DN7 6AY,53.5636380000,-1.0149560000
DN7 6AZ,53.5603910000,-1.0034570000
DN7 6BB,53.5622060000,-0.9962380000
DN7 6BD,53.5657090000,-0.9948560000
DN7 6BE,53.5654590000,-0.9939410000
DN7 6BG,53.5678030000,-0.9990950000
DN7 6BH,53.5754510000,-0.9987790000
DN7 6BN,53.5652630000,-0.9941120000
DN7 6BP,53.5639770000,-1.0189340000
DN7 6BQ,53.5686240000,-0.9983060000
DN7 6BT,53.5654880000,-0.9814230000
DN7 6BU,53.5594520000,-0.9798170000
DN7 6BW,53.5485760000,-0.9714360000
DN7 6BX,53.5519210000,-0.9790320000
DN7 6BY,53.5497370000,-0.9861080000
DN7 6BZ,53.5440560000,-0.9748150000
DN7 6DA,53.5438200000,-0.9756350000
DN7 6DB,53.5431670000,-0.9735280000
DN7 6DD,53.5435180000,-0.9738770000
DN7 6DE,53.5438490000,-0.9739600000
DN7 6DF,53.5439630000,-0.9734140000
DN7 6DG,53.5443850000,-0.9726030000
DN7 6DJ,53.5411130000,-0.9712790000
DN7 6DL,53.5407610000,-0.9710310000
DN7 6DN,53.5414800000,-0.9732020000
DN7 6DP,53.5410850000,-0.9648820000
DN7 6DQ,53.5446660000,-0.9725360000
DN7 6DR,53.5398840000,-0.9757460000
DN7 6DS,53.5321970000,-0.9797480000
DN7 6DT,53.5512800000,-0.9363310000
DN7 6DU,53.5573270000,-0.9665880000
DN7 6DW,53.5408910000,-0.9740460000
DN7 6DX,53.5677920000,-0.9670690000
DN7 6DY,53.5762590000,-0.9889030000
DN7 6DZ,53.5707170000,-0.9717540000
DN7 6EA,53.5792920000,-0.9768410000
DN7 6ED,53.5799920000,-0.9895330000
DN7 6EE,53.5442770000,-0.9701610000
DN7 6EG,53.5808110000,-0.9917790000
DN7 6EH,53.5854920000,-0.9819250000
DN7 6EJ,53.5886610000,-0.9814250000
DN7 6EL,53.5866470000,-0.9807020000
DN7 6EN,53.5917440000,-0.9804300000
DN7 6EP,53.5939290000,-0.9791280000
DN7 6EQ,53.5830090000,-0.9880720000
DN7 6ER,53.5794010000,-0.9908310000
DN7 6ET,53.5777580000,-0.9762350000
DN7 6EU,53.5769250000,-0.9744430000
DN7 6EW,53.5902020000,-0.9840470000
DN7 6EX,53.5755740000,-0.9805170000
DN7 6EY,53.5726340000,-0.9835470000
DN7 6EZ,53.5681100000,-0.9428100000
DN7 6HA,53.5789340000,-0.9298380000
DN7 6HB,53.5784400000,-0.9450750000
DN7 6HD,53.5812520000,-0.9686130000
DN7 6HE,53.5803160000,-0.9674430000
DN7 6HF,53.5810250000,-0.9662320000
DN7 6HG,53.5831590000,-0.9666940000
DN7 6HH,53.5957700000,-0.9643670000
DN7 6HN,53.5787670000,-0.9985700000
DN7 6HP,53.5769490000,-1.0115660000
DN7 6HQ,53.5901100000,-0.9608140000
DN7 6HR,53.5672140000,-1.0169570000
DN7 6HS,53.5731130000,-1.0073810000
DN7 6HT,53.5729920000,-1.0079880000
DN7 6HU,53.5738420000,-1.0075190000
DN7 6HX,53.5752620000,-1.0053680000
DN7 6HY,53.5769080000,-1.0054950000
DN7 6HZ,53.5761090000,-1.0055740000
DN7 6JA,53.5777240000,-1.0073790000
DN7 6JB,53.5764130000,-1.0075610000
DN7 6JD,53.5763910000,-1.0070930000
DN7 6JE,53.5756240000,-1.0067030000
DN7 6JF,53.5762700000,-1.0065670000
DN7 6JG,53.5754880000,-1.0076730000
DN7 6JH,53.5747930000,-1.0084450000
DN7 6JJ,53.5766330000,-1.0124790000
DN7 6JL,53.5763040000,-1.0128340000
DN7 6JN,53.5770370000,-1.0123340000
DN7 6JP,53.5797240000,-1.0133590000
DN7 6JQ,53.5767400000,-1.0090330000
DN7 6JR,53.5782570000,-1.0110220000
DN7 6JS,53.5786230000,-1.0117230000
DN7 6JT,53.5780410000,-1.0112840000
DN7 6JU,53.5774580000,-1.0122030000
DN7 6JW,53.5769380000,-1.0101460000
DN7 6JX,53.5778090000,-1.0114710000
DN7 6JY,53.5778370000,-1.0090830000
DN7 6JZ,53.5793770000,-1.0105270000
DN7 6LA,53.5792290000,-1.0111500000
DN7 6LB,53.5790200000,-1.0130580000
DN7 6LD,53.5803970000,-1.0121800000
DN7 6LE,53.5809220000,-1.0125460000
DN7 6LF,53.5776180000,-1.0098280000
DN7 6LG,53.5777150000,-1.0139490000
DN7 6LH,53.5776720000,-1.0065500000
DN7 6LL,53.5774250000,-1.0125210000
DN7 6LP,53.5774630000,-0.9912550000
DN7 6LQ,53.5762170000,-1.0110240000
DN7 6LR,53.5757690000,-0.9928660000
DN7 6LS,53.5766560000,-0.9893260000
DN7 6LT,53.5753930000,-0.9866380000
DN7 6LU,53.5744900000,-0.9851190000
DN7 6LW,53.5774730000,-0.9943260000
DN7 6LX,53.5752900000,-0.9872140000
DN7 6LY,53.5730020000,-0.9845800000
DN7 6LZ,53.5728340000,-0.9859590000
DN7 6NA,53.5718710000,-0.9857700000
DN7 6NB,53.5722920000,-0.9845670000
DN7 6ND,53.5713700000,-0.9849970000
DN7 6NE,53.5697700000,-0.9808220000
DN7 6NF,53.5701140000,-0.9800140000
DN7 6NG,53.5709630000,-0.9773350000
DN7 6NH,53.5714350000,-0.9750120000
DN7 6NJ,53.5743910000,-0.9703360000
DN7 6NL,53.5797010000,-0.9698500000
DN7 5DF,53.5898160000,-1.0263130000
DN7 5DG,53.5957310000,-1.0296520000
DN7 5DH,53.5966880000,-1.0279080000
DN7 5DJ,53.5965310000,-1.0274730000
DN7 5DL,53.5962780000,-1.0272980000
DN7 5DN,53.5964000000,-1.0267810000
DN7 5DP,53.5968130000,-1.0256230000
DN7 5DQ,53.5961390000,-1.0301110000
DN7 5DR,53.5978320000,-1.0260080000
DN7 5DS,53.5977300000,-1.0267200000
DN7 5DT,53.5988090000,-1.0268320000
DN7 5DU,53.5993110000,-1.0266690000
DN7 5DW,53.5967960000,-1.0266260000
DN7 5DX,53.5900100000,-1.0269430000
DN7 5DY,53.5978660000,-1.0254980000
DN7 5DZ,53.5973130000,-1.0241760000
DN7 5EA,53.5978050000,-1.0226990000
DN7 5EB,53.5984820000,-1.0240920000
DN7 5ED,53.5983110000,-1.0231110000
DN7 5EE,53.5987970000,-1.0231600000
DN7 5EF,53.5993210000,-1.0245830000
DN7 5EG,53.5996610000,-1.0246200000
DN7 5EH,53.5988450000,-1.0223580000
DN7 5EJ,53.5996450000,-1.0223850000
DN7 5EL,53.5989000000,-1.0213890000
DN7 5EN,53.5992820000,-1.0209120000
DN7 5EP,53.5989870000,-1.0178210000
DN7 5EQ,53.5989200000,-1.0227490000
DN7 5ER,53.5987420000,-1.0197010000
DN7 5ES,53.5987650000,-1.0192170000
DN7 5ET,53.5978170000,-1.0198130000
DN7 5EU,53.5975420000,-1.0224630000
DN7 5EW,53.5994430000,-1.0197300000
DN7 5EX,53.5961790000,-1.0250490000
DN7 5EY,53.5958130000,-1.0253890000
DN7 5EZ,53.5945240000,-1.0248600000
DN7 6NN,53.5786900000,-0.9719380000
DN7 6NP,53.5772330000,-0.9694970000
DN7 6NQ,53.5717940000,-0.9761980000
DN7 6NR,53.5734660000,-0.9673230000
DN7 6NS,53.5725280000,-0.9697670000
DN7 6NT,53.5701030000,-0.9720910000
DN7 6NU,53.5685540000,-0.9731500000
DN7 6NW,53.5792420000,-0.9689800000
DN7 6NX,53.5702480000,-0.9725960000
DN7 6NY,53.5706760000,-0.9731290000
DN7 6PA,53.5709730000,-0.9729910000
DN7 6PB,53.5710530000,-0.9749830000
DN7 6PD,53.5706380000,-0.9760900000
DN7 6PE,53.5705070000,-0.9757460000
DN7 6PF,53.5699900000,-0.9771170000
DN7 6PH,53.5676820000,-0.9801680000
DN7 6PJ,53.5659910000,-0.9845670000
DN7 6PL,53.5637950000,-0.9906740000
DN7 6PN,53.5684090000,-0.9906900000
DN7 6PP,53.5719700000,-0.9742300000
DN7 6PQ,53.5674900000,-0.9797800000
DN7 6PR,53.5734910000,-0.9839340000
DN7 6PW,53.5694190000,-0.9913860000
DN7 6PY,53.5784090000,-1.0010950000
DN7 6PZ,53.5782650000,-1.0021560000
DN7 6QA,53.5789090000,-1.0028660000
DN7 6QB,53.5794150000,-1.0020990000
DN7 6QD,53.5793400000,-1.0015010000
DN7 6QE,53.5803960000,-1.0012120000
DN7 6QF,53.5801900000,-1.0002530000
DN7 6QG,53.5817040000,-1.0038890000
DN7 6QH,53.5806310000,-1.0024470000
DN7 6QJ,53.5803830000,-1.0060630000
DN7 6QL,53.5814980000,-1.0105530000
DN7 6QN,53.5801610000,-1.0075030000
DN7 6QP,53.5773680000,-1.0045630000
DN7 6QQ,53.5806740000,-1.0032470000
DN7 6QR,53.5784560000,-1.0057460000
DN7 6QS,53.5792240000,-1.0073290000
DN7 6QT,53.5788340000,-1.0068090000
DN7 6QU,53.5792850000,-1.0081120000
DN7 6QW,53.5789800000,-1.0038150000
DN7 6QX,53.5788970000,-1.0090280000
DN7 6QY,53.5790760000,-1.0078910000
DN7 6QZ,53.5819650000,-1.0082770000
DN7 6RA,53.5800050000,-1.0103620000
DN7 6RB,53.5803710000,-1.0101270000
DN7 6RD,53.5791690000,-1.0060920000
DN7 6RE,53.5774990000,-1.0040920000
DN7 6RF,53.5778590000,-1.0031170000
DN7 6RG,53.5771900000,-1.0026950000
DN7 6RH,53.5767520000,-1.0019040000
DN7 6RJ,53.5809260000,-1.0043890000
DN7 6RL,53.5814400000,-1.0067330000
DN7 6RN,53.5821310000,-1.0065810000
DN7 6RQ,53.5772130000,-1.0021050000
DN7 6RS,53.5782230000,-0.9968760000
DN7 6RT,53.5785000000,-0.9977300000
DN7 6RU,53.5783420000,-0.9974420000
DN7 6RX,53.5782460000,-0.9996540000
DN7 6RY,53.5778020000,-0.9973640000
DN7 6SA,53.5752570000,-1.0011900000
DN7 6SB,53.5772340000,-1.0015000000
DN7 6SD,53.5755190000,-1.0015590000
DN7 5GA,53.6014930000,-1.0197580000
DN7 5GB,53.6007710000,-1.0249430000
DN7 5GH,53.6207520000,-1.0149730000
DN7 5HA,53.5952580000,-1.0242290000
DN7 5HB,53.5942170000,-1.0236130000
DN7 5HD,53.5942290000,-1.0226660000
DN7 5HE,53.5942150000,-1.0231500000
DN7 5HF,53.5897230000,-1.0245220000
DN7 5HH,53.5905220000,-1.0255460000
DN7 5HJ,53.5897100000,-1.0254090000
DN7 5HL,53.5892290000,-1.0256360000
DN7 5HQ,53.5917180000,-1.0247580000
DN7 5HR,53.5891920000,-1.0280190000
DN7 5HS,53.5881450000,-1.0282600000
DN7 5HT,53.5877960000,-1.0310270000
DN7 5HU,53.6018050000,-1.0167280000
DN7 5HX,53.6018760000,-1.0148980000
DN7 5JB,53.6004070000,-1.0319330000
DN7 5JD,53.6009970000,-1.0331450000
DN7 5JE,53.6006620000,-1.0325310000
DN7 5JF,53.6020740000,-1.0315170000
DN7 5JG,53.6011740000,-1.0358290000
DN7 5JH,53.6106810000,-1.0131260000
DN7 5JJ,53.6109400000,-1.0136750000
DN7 5JL,53.6106990000,-1.0109040000
DN7 5JN,53.6107440000,-1.0101870000
DN7 5JP,53.6111710000,-1.0104090000
DN7 5JQ,53.6102550000,-1.0173780000
DN7 5JR,53.6116180000,-1.0114220000
DN7 5JS,53.6122330000,-1.0106260000
DN7 5JT,53.6133950000,-1.0115320000
DN7 5JU,53.6131800000,-1.0095420000
DN7 5JW,53.6114210000,-1.0101920000
DN7 5JX,53.6134010000,-1.0077820000
DN7 5JY,53.6138840000,-1.0072420000
DN7 5JZ,53.6153050000,-1.0051380000
DN7 5LA,53.6140600000,-1.0122110000
DN7 5LB,53.6157280000,-1.0128680000
DN7 5LD,53.6198220000,-1.0133620000
DN7 5LE,53.6272480000,-1.0187120000
DN7 5LF,53.6217820000,-1.0142730000
DN7 5LG,53.6246920000,-1.0066100000
DN7 5LH,53.6131150000,-1.0173020000
DN7 5LL,53.6141480000,-1.0191030000
DN7 5LN,53.6143330000,-1.0224540000
DN7 5LP,53.6126580000,-1.0165820000
DN7 5LQ,53.6269260000,-1.0180800000
DN7 5LR,53.6122810000,-1.0133860000
DN7 5LS,53.6114130000,-1.0149780000
DN7 5LT,53.6122970000,-1.0142780000
DN7 5LU,53.6254640000,-1.0021320000
DN7 5LW,53.6128870000,-1.0223560000
DN7 5LX,53.6104810000,-1.0098610000
DN7 5LY,53.6129890000,-1.0099080000
DN7 5NB,53.6120270000,-1.0109590000
DN7 5ND,53.5939770000,-1.0317170000
DN7 5NE,53.5937280000,-1.0329360000
DN7 5NF,53.5935490000,-1.0321200000
DN7 5NG,53.5950310000,-1.0286410000
DN7 5NH,53.5947520000,-1.0286020000
DN7 5NJ,53.5934650000,-1.0293160000
DN7 5NL,53.5944120000,-1.0288360000
DN7 5NN,53.5942690000,-1.0278730000
DN7 5NP,53.5938940000,-1.0348470000
DN7 5NQ,53.5951350000,-1.0293490000
DN7 5NR,53.5922960000,-1.0283710000
DN7 5NS,53.5923400000,-1.0290400000
DN7 5NU,53.5925910000,-1.0292550000
DN7 5NW,53.5931800000,-1.0277010000
DN7 5PB,53.5924190000,-1.0311380000
DN7 5PD,53.5917880000,-1.0320290000
DN7 5PE,53.5912650000,-1.0331840000
DN7 5PF,53.5911160000,-1.0324770000
DN7 5PG,53.5922970000,-1.0333440000
DN7 5PH,53.5920780000,-1.0322340000
DN7 5PQ,53.5927360000,-1.0328180000
DN7 5PR,53.5936850000,-1.0300160000
DN7 5PS,53.5899250000,-1.0317240000
DN7 5PW,53.5934340000,-1.0298460000
DN7 5QA,53.5907250000,-1.0283370000
DN7 5QB,53.5897820000,-1.0275680000
DN7 5QF,53.5914280000,-1.0277110000
DN7 5QG,53.5923470000,-1.0269500000
DN7 5QH,53.5912780000,-1.0258410000
DN7 5QJ,53.5918990000,-1.0259780000
DN7 5QL,53.5924730000,-1.0257840000
DN7 5QN,53.5933860000,-1.0264120000
DN7 5QP,53.5944660000,-1.0266140000
DN7 5QQ,53.5922020000,-1.0278750000
DN7 5QR,53.5940430000,-1.0266240000
DN7 5QS,53.5945720000,-1.0274580000
DN7 5QT,53.5958110000,-1.0272780000
DN7 5QU,53.5951900000,-1.0261590000
DN7 5QW,53.5946050000,-1.0260970000
DN7 5QX,53.5958210000,-1.0263710000
DN7 5QY,53.5955400000,-1.0282670000
DN7 5QZ,53.5954730000,-1.0289030000
DN7 5RA,53.5959340000,-1.0283320000
DN7 5RB,53.5971910000,-1.0301480000
DN7 4AS,53.5772970000,-1.0220850000
DN7 4AT,53.5769780000,-1.0304290000
DN7 4AU,53.5769120000,-1.0190130000
DN7 4AW,53.5783610000,-1.0213960000
DN7 4AX,53.5772240000,-1.0165280000
DN7 4AY,53.5778260000,-1.0175410000
DN7 4AZ,53.5784570000,-1.0167260000
DN7 4BA,53.5778850000,-1.0160300000
DN7 4BB,53.5779300000,-1.0182190000
DN7 4BD,53.5786710000,-1.0187150000
DN7 4BE,53.5789650000,-1.0161710000
DN7 4BF,53.5803100000,-1.0190550000
DN7 4BG,53.5768280000,-1.0142420000
DN7 4BH,53.5753820000,-1.0166620000
DN7 4BJ,53.5754620000,-1.0143340000
DN7 4BL,53.5746570000,-1.0148360000
DN7 4BN,53.5711990000,-1.0172420000
DN7 4BP,53.5648610000,-1.0205290000
DN7 4BQ,53.5755780000,-1.0153430000
DN7 4BS,53.5633840000,-1.0223750000
DN7 4BT,53.5620260000,-1.0277210000
DN7 4BU,53.5613980000,-1.0315110000
DN7 4BW,53.5718190000,-1.0183900000
DN7 4BX,53.5632240000,-1.0244980000
DN7 4BY,53.5625390000,-1.0278300000
DN7 4BZ,53.5620170000,-1.0310130000
DN7 4DA,53.5593300000,-1.0367350000
DN7 4DB,53.5593300000,-1.0367350000
DN7 4DE,53.5650680000,-1.0227140000
DN7 4DF,53.5660130000,-1.0239150000
DN7 4DG,53.5661420000,-1.0220850000
DN7 4DH,53.5635210000,-1.0259350000
DN7 4DJ,53.5644680000,-1.0262610000
DN7 4DL,53.5649720000,-1.0280750000
DN7 4DN,53.5651130000,-1.0271520000
DN7 4DP,53.5641340000,-1.0238980000
DN7 4DQ,53.5633340000,-1.0272530000
DN7 4DR,53.5655710000,-1.0248620000
DN7 4DS,53.5653370000,-1.0237800000
DN7 4DT,53.5666930000,-1.0224350000
DN7 4DU,53.5627690000,-1.0311780000
DN7 4DW,53.5629670000,-1.0284850000
DN7 4DX,53.5641340000,-1.0305110000
DN7 5RD,53.5967890000,-1.0304590000
DN7 5RE,53.5974140000,-1.0310190000
DN7 5RF,53.5980560000,-1.0314720000
DN7 5RG,53.5989360000,-1.0314370000
DN7 5RH,53.5994030000,-1.0325000000
DN7 5RJ,53.5998010000,-1.0315870000
DN7 5RL,53.5987550000,-1.0301870000
DN7 5RN,53.5985610000,-1.0306450000
DN7 5RP,53.5967330000,-1.0290850000
DN7 5RQ,53.5986190000,-1.0322000000
DN7 5RR,53.5970440000,-1.0285800000
DN7 5RW,53.5976560000,-1.0287170000
DN7 5RZ,53.5972980000,-1.0278480000
DN7 5SA,53.6001500000,-1.0347800000
DN7 5SB,53.5987000000,-1.0355980000
DN7 5SD,53.6041730000,-1.0659250000
DN7 5SE,53.5989200000,-1.0361220000
DN7 5SF,53.5994810000,-1.0354470000
DN7 5SG,53.5944360000,-1.0418150000
DN7 5SH,53.5852050000,-1.0461670000
DN7 5SJ,53.5960570000,-1.0615720000
DN7 5SL,53.5889690000,-1.0666540000
DN7 5SN,53.5926720000,-1.0708980000
DN7 5SP,53.5967520000,-1.0699580000
DN7 5SQ,53.5947470000,-1.0433990000
DN7 5SR,53.6006630000,-1.0665930000
DN7 5SS,53.6043760000,-1.0667070000
DN7 5ST,53.6057870000,-1.0701830000
DN7 5SU,53.6058230000,-1.0654660000
DN7 5SW,53.5986120000,-1.0639770000
DN7 5SX,53.6058870000,-1.0633940000
DN7 5SY,53.6057920000,-1.0567660000
DN7 5SZ,53.6132330000,-1.0634630000
DN7 5TA,53.6166440000,-1.0665430000
DN7 5TB,53.6192620000,-1.0622060000
DN7 5TD,53.6163130000,-1.0574950000
DN7 5TE,53.6147460000,-1.0546470000
DN7 5TF,53.6215480000,-1.0489120000
DN7 5TG,53.6078490000,-1.0342710000
DN7 5TJ,53.5992040000,-1.0257040000
DN7 5TP,53.6005240000,-1.0111820000
DN7 5TQ,53.6014410000,-1.0123540000
DN7 5TR,53.6005470000,-1.0085970000
DN7 5TX,53.6040930000,-1.0673030000
DN7 5TY,53.5990490000,-1.0297420000
DN7 5TZ,53.5893420000,-1.0243600000
DN7 5WA,53.6013020000,-1.0272580000
DN7 5WZ,53.5945500000,-1.0303440000
DN7 5XE,53.5945500000,-1.0303440000
DN7 6AA,53.5733390000,-1.0064850000
DN7 6AB,53.5706830000,-1.0070310000
DN7 6AD,53.5708910000,-1.0101570000
DN7 6AE,53.5721000000,-1.0088100000
DN7 6AF,53.5723200000,-1.0103900000
DN7 6AG,53.5718820000,-1.0107780000
DN7 4DY,53.5847770000,-1.0219930000
DN7 4EA,53.5832880000,-1.0234620000
DN7 4EB,53.5840930000,-1.0255380000
DN7 4ED,53.5849430000,-1.0239780000
DN7 4EE,53.5835400000,-1.0249010000
DN7 4EF,53.5839120000,-1.0242190000
DN7 4EG,53.5854230000,-1.0243440000
DN7 4EJ,53.5859830000,-1.0247240000
DN7 4EL,53.5851170000,-1.0221010000
DN7 4EN,53.5844750000,-1.0195020000
DN7 4EP,53.5838220000,-1.0176290000
DN7 4ER,53.5854620000,-1.0192220000
DN7 4ES,53.5848160000,-1.0171530000
DN7 4ET,53.5651530000,-1.0298690000
DN7 4EU,53.5641670000,-1.0312350000
DN7 4EW,53.5850890000,-1.0187480000
DN7 4EY,53.5729930000,-1.0170960000
DN7 4EZ,53.5738040000,-1.0170460000
DN7 4FD,53.5856560000,-1.0254270000
DN7 4GA,53.5828130000,-1.0097220000
DN7 4GB,53.5823950000,-1.0099640000
DN7 4HA,53.5820020000,-1.0193030000
DN7 4HB,53.5788670000,-1.0195870000
DN7 4HD,53.5764060000,-1.0197790000
DN7 4HE,53.5699060000,-1.0175140000
DN7 4HF,53.5695510000,-1.0180810000
DN7 4HG,53.5704930000,-1.0178020000
DN7 4HH,53.5684490000,-1.0181870000
DN7 4HJ,53.5684410000,-1.0193800000
DN7 4HL,53.5705900000,-1.0142360000
DN7 4HN,53.5700510000,-1.0154570000
DN7 4HP,53.5722160000,-1.0164030000
DN7 4HQ,53.5716370000,-1.0147700000
DN7 4HR,53.5742990000,-1.0204770000
DN7 4HS,53.5721430000,-1.0194550000
DN7 4HT,53.5719820000,-1.0207120000
DN7 4HU,53.5688150000,-1.0203930000
DN7 4HW,53.5715820000,-1.0157830000
DN7 4HX,53.5668360000,-1.0198400000
DN7 4HY,53.5688560000,-1.0209510000
DN7 4HZ,53.5664870000,-1.0203560000
DN7 4JA,53.5765650000,-1.0216330000
DN7 4JB,53.5717160000,-1.0222130000
DN7 4JD,53.5721620000,-1.0218710000
DN7 4JE,53.5748520000,-1.0209930000
DN7 4JF,53.5743850000,-1.0218400000
DN7 4JG,53.5749670000,-1.0218970000
DN7 4JH,53.5705700000,-1.0162600000
DN7 4JJ,53.5862960000,-1.0113780000
DN7 4JL,53.5724940000,-1.0185110000
DN7 4JN,53.5629360000,-1.0323960000
DN7 4JP,53.5831210000,-1.0179910000
DN7 4JQ,53.5725530000,-1.0212430000
DN7 4JR,53.5827790000,-1.0153880000
DN7 4JS,53.5820650000,-1.0135510000
DN7 4JT,53.5840410000,-1.0104340000
DN7 4JU,53.5848230000,-1.0134420000
DN7 4JX,53.5854780000,-1.0154050000
DN7 4JY,53.5832620000,-1.0139870000
DN7 4JZ,53.5835640000,-1.0157320000
DN7 4LA,53.5834530000,-1.0164900000
DN7 4LB,53.5839550000,-1.0163120000
DN7 4LD,53.5831620000,-1.0149860000
DN7 4LE,53.5815460000,-1.0149830000
DN7 4LF,53.5816510000,-1.0138580000
DN7 4LG,53.5800690000,-1.0149370000
DN7 4LH,53.5812180000,-1.0135810000
DN7 4LJ,53.5806780000,-1.0135630000
DN7 4LL,53.5807470000,-1.0143170000
DN7 4LN,53.5802150000,-1.0140420000
DN7 4LP,53.5781380000,-1.0151330000
DN7 4LQ,53.5803720000,-1.0153280000
DN7 4LR,53.5783390000,-1.0143580000
DN7 4LS,53.5776190000,-1.0143260000
DN7 4LT,53.5778640000,-1.0156220000
DN7 4LU,53.5789420000,-1.0155820000
DN7 4LW,53.5788370000,-1.0144870000
DN7 4LX,53.5792320000,-1.0158020000
DN7 4LY,53.5795250000,-1.0164750000
DN7 4LZ,53.5798230000,-1.0177970000
DN7 4NA,53.5813870000,-1.0178210000
DN7 4NB,53.5801090000,-1.0165370000
DN7 4ND,53.5803160000,-1.0165020000
DN7 4NE,53.5804020000,-1.0170890000
DN7 4NF,53.5806030000,-1.0164350000
DN7 4NG,53.5819370000,-1.0169170000
DN7 4NH,53.5815640000,-1.0131320000
DN7 4NJ,53.5820130000,-1.0108740000
DN7 4NN,53.5737140000,-1.0181960000
DN7 4NQ,53.5811870000,-1.0163610000
DN7 4NR,53.5716360000,-1.0179570000
DN7 4NS,53.5712860000,-1.0180710000
DN7 4NU,53.5843970000,-1.0154560000
DN7 4NW,53.5838260000,-1.0137470000
DN7 4PA,53.5639260000,-1.0326000000
DN7 4PB,53.5636580000,-1.0305670000
DN7 4PD,53.5692110000,-1.0192660000
DN7 4QA,53.5639590000,-1.0289000000
DN7 4QB,53.5622120000,-1.0340280000
DN7 4QD,53.5625400000,-1.0335370000
DN7 4QE,53.5632930000,-1.0343810000
DN7 4QF,53.5618290000,-1.0344590000
DN7 4QG,53.5637100000,-1.0203600000
DN7 4QJ,53.5651220000,-1.0215650000
DN7 4QL,53.5829390000,-1.0119250000
DN7 5AA,53.5967030000,-1.0318110000
DN7 5AB,53.5985620000,-1.0340750000
DN7 5AD,53.5958300000,-1.0307530000
DN7 5AE,53.5979530000,-1.0323950000
DN7 5AF,53.6002850000,-1.0300510000
DN7 5AG,53.5916810000,-1.0345650000
DN7 5AH,53.6004240000,-1.0297580000
DN7 5AJ,53.6006230000,-1.0296960000
DN7 5AL,53.6011350000,-1.0288030000
DN7 5AN,53.6011880000,-1.0308270000
DN7 5AP,53.6017240000,-1.0304520000
DN7 5AQ,53.6000340000,-1.0305060000
DN7 5AS,53.6015100000,-1.0293280000
DN7 5AT,53.6012850000,-1.0293180000
DN7 5AU,53.6007960000,-1.0291280000
DN7 5AW,53.6015030000,-1.0309560000
DN7 5AX,53.6006540000,-1.0270910000
DN7 5AY,53.6006960000,-1.0264760000
DN7 5AZ,53.6010980000,-1.0261790000
DN7 5BA,53.5991140000,-1.0287330000
DN7 5BB,53.6004830000,-1.0270200000
DN7 5BE,53.6013870000,-1.0233120000
DN7 5BF,53.6009650000,-1.0244230000
DN7 5BG,53.6001000000,-1.0239510000
DN7 5BH,53.6000440000,-1.0086240000
DN7 5BJ,53.5998920000,-1.0207320000
DN7 5BL,53.6001780000,-1.0216920000
DN7 5BN,53.6009270000,-1.0176100000
DN7 5BP,53.5998330000,-1.0124070000
DN7 5BQ,53.6002440000,-1.0242300000
DN7 5BS,53.5999810000,-1.0108020000
DN7 5BT,53.5996800000,-1.0092220000
DN7 5BU,53.5996300000,-1.0096920000
DN7 5BW,53.6004930000,-1.0162450000
DN7 5BX,53.6002030000,-1.0077140000
DN7 5BY,53.6013530000,-1.0279370000
DN7 5BZ,53.6013280000,-1.0303550000
DN7 5DA,53.6006760000,-1.0043380000
DN7 5DD,53.5998700000,-1.0334860000
DN7 5DE,53.6005870000,-1.0222420000
DN7 4AA,53.5835700000,-1.0197650000
DN7 4AB,53.5837680000,-1.0209730000
DN7 4AD,53.5825560000,-1.0210570000
DN7 4AE,53.5820790000,-1.0199090000
DN7 4AF,53.5821330000,-1.0210820000
DN7 4AG,53.5811630000,-1.0211420000
DN7 4AH,53.5808210000,-1.0213390000
DN7 4AJ,53.5797520000,-1.0212050000
DN7 4AL,53.5793140000,-1.0201100000
DN7 4AN,53.5793660000,-1.0212520000
DN7 4AP,53.5776950000,-1.0202280000
DN7 4AQ,53.5804710000,-1.0200870000
DN7 4AR,53.5776680000,-1.0213360000
DN7 4FA,53.5846950000,-1.0188930000
DN7 4FW,53.5879550000,-1.0239840000
DN7 5FD,53.6005840000,-1.0315100000
DN7 5HY,53.5902870000,-1.0297370000
DN7 5UZ,53.5945500000,-1.0303440000
DN7 6BS,53.5783090000,-0.9910590000
DN7 6FA,53.5421620000,-0.9699260000
DN7 6HL,53.5882430000,-0.9628890000
DN7 6RP,53.5792920000,-1.0045780000
DN7 5LZ,53.6003590000,-1.0317830000
DN7 6WA,53.5779970000,-1.0003040000
DN7 4FB,53.5627080000,-1.0220440000
DN7 6PS,53.5771520000,-0.9914190000
DN7 5PP,53.5928840000,-1.0319580000
DN7 5FG,53.6021640000,-1.0279380000
DN7 5PU,53.5918580000,-1.0295190000
DN7 5PX,53.5917160000,-1.0308820000
DN7 6PT,53.5688070000,-0.9920100000
DN7 6PU,53.5695470000,-0.9775410000
DN7 5PY,53.5912450000,-1.0304250000
DN7 6BF,53.5359530000,-0.9708510000
DN7 6EB,53.5686030000,-1.0117810000
DN7 6EF,53.5690700000,-1.0106520000
DN7 6FQ,53.5686820000,-0.9900190000
DN7 5PT,53.5932980000,-1.0308460000
DN7 6FE,53.5687460000,-1.0094370000
DN7 6FP,53.5685240000,-1.0076300000
DN7 5FL,53.6112380000,-1.0152750000
DN7 6FL,53.5678520000,-1.0112090000
DN7 4FE,53.5623320000,-1.0352980000
DN7 4FG,53.5620150000,-1.0349430000
DN7 4XG,53.5780180000,-1.0003090000
DN7 4YZ,53.5780180000,-1.0003090000
DN7 6FD,53.5680750000,-1.0109780000
DN7 6FR,53.5712150000,-0.9781500000
DN7 6FX,53.5672930000,-1.0142270000
DN7 6FY,53.5672930000,-1.0142270000
DN7 6GA,53.5780180000,-1.0003090000
