GU26 6NU,51.1229310000,-0.7529380000
GU26 6NX,51.1248910000,-0.7562860000
GU26 6NY,51.1261560000,-0.7567810000
GU26 6NZ,51.1266380000,-0.7585920000
GU26 6PA,51.1250260000,-0.7588260000
GU26 6PB,51.1227040000,-0.7569450000
GU26 6PD,51.1220560000,-0.7551900000
GU26 6PE,51.1215570000,-0.7598190000
GU26 6PF,51.1200390000,-0.7595970000
GU26 6PG,51.1226400000,-0.7610760000
GU26 6PH,51.1232550000,-0.7588880000
GU26 6PJ,51.1221510000,-0.7586120000
GU26 6PL,51.1217940000,-0.7575980000
GU26 6PN,51.1227520000,-0.7437120000
GU26 6PP,51.1208100000,-0.7454790000
GU26 6PQ,51.1227170000,-0.7598740000
GU26 6PR,51.1205950000,-0.7438130000
GU26 6PS,51.1203780000,-0.7496490000
GU26 6PT,51.1223140000,-0.7482100000
GU26 6PU,51.1219860000,-0.7503200000
GU26 6PW,51.1234780000,-0.7460070000
GU26 6PX,51.1225290000,-0.7459990000
GU26 6PY,51.1237880000,-0.7464560000
GU26 6PZ,51.1238950000,-0.7447100000
GU26 6QA,51.1240980000,-0.7476190000
GU26 6QB,51.1237030000,-0.7502730000
GU26 6QD,51.1245120000,-0.7494080000
GU26 6QE,51.1250440000,-0.7503370000
GU26 6QF,51.1247390000,-0.7521460000
GU26 6QG,51.1240130000,-0.7525960000
GU26 6QH,51.1239810000,-0.7518810000
GU26 6QJ,51.1234650000,-0.7515080000
GU26 6QL,51.1232730000,-0.7521280000
GU26 6QN,51.1241500000,-0.7533340000
GU26 6QP,51.1239560000,-0.7554250000
GU26 6QQ,51.1237030000,-0.7510590000
GU26 6QR,51.1243140000,-0.7552440000
GU26 6QS,51.1238190000,-0.7577580000
GU26 6QT,51.1246100000,-0.7526920000
GU26 6QW,51.1237280000,-0.7534310000
GU26 6QX,51.1199380000,-0.7404300000
GU26 6QY,51.1210650000,-0.7406850000
GU26 6QZ,51.1220530000,-0.7431020000
GU26 6RA,51.1206410000,-0.7414830000
GU26 6RB,51.1238240000,-0.7431110000
GU26 6RD,51.1244610000,-0.7454660000
GU26 6RE,51.1242970000,-0.7465370000
GU26 6RF,51.1286430000,-0.7454960000
GU26 6RG,51.1315130000,-0.7464470000
GU26 6RH,51.1258600000,-0.7485000000
GU26 6RJ,51.1278600000,-0.7501170000
GU26 6RL,51.1324290000,-0.7510050000
GU26 6RN,51.1329520000,-0.7523390000
GU26 6RP,51.1261490000,-0.7519220000
GU26 6RQ,51.1248720000,-0.7469120000
GU26 6RR,51.1261290000,-0.7501080000
GU26 6RS,51.1269000000,-0.7507300000
GU26 6RT,51.1255370000,-0.7535390000
GU26 6RU,51.1262750000,-0.7544630000
GU26 6RW,51.1256310000,-0.7522790000
GU26 6RX,51.1272360000,-0.7535360000
GU26 6RY,51.1278810000,-0.7550200000
GU26 6RZ,51.1278560000,-0.7542770000
GU26 6SA,51.1233810000,-0.7525060000
GU26 6SB,51.1271420000,-0.7522530000
GU26 6SD,51.1098990000,-0.7409600000
GU26 6SE,51.1139630000,-0.7330150000
GU26 6SF,51.1144690000,-0.7336500000
GU26 6SG,51.1156430000,-0.7333180000
GU26 6SH,51.1172310000,-0.7329600000
GU26 6SJ,51.1200590000,-0.7358120000
GU26 6SL,51.1166960000,-0.7363120000
GU26 6SN,51.1161570000,-0.7384040000
GU26 6SP,51.1140130000,-0.7388910000
GU26 6SQ,51.1170040000,-0.7348320000
GU26 6SR,51.1150610000,-0.7418200000
GU26 6SS,51.1138820000,-0.7400660000
GU26 6ST,51.1134430000,-0.7382150000
GU26 6SU,51.1125330000,-0.7363540000
GU26 6SW,51.1154210000,-0.7401670000
GU26 6SX,51.1135520000,-0.7362040000
GU26 6SY,51.1122550000,-0.7384530000
GU26 6SZ,51.1275680000,-0.7517840000
GU26 6TA,51.1098570000,-0.7437190000
GU26 6TB,51.1165850000,-0.7322350000
GU26 6TD,51.1150230000,-0.7349630000
GU26 6TG,51.1147790000,-0.7365130000
GU26 6TH,51.1106750000,-0.7387540000
GU26 6TJ,51.1120190000,-0.7374030000
GU26 6TL,51.1111130000,-0.7418560000
GU26 6TN,51.1104180000,-0.7455160000
GU26 6TP,51.1111890000,-0.7438680000
GU26 6TQ,51.1115040000,-0.7363740000
GU26 6TR,51.1118850000,-0.7459210000
GU26 6TS,51.1116010000,-0.7471000000
GU26 6TT,51.1113100000,-0.7467510000
GU26 6TU,51.1108850000,-0.7486570000
GU26 6TW,51.1115570000,-0.7404440000
GU26 6TX,51.1093930000,-0.7470680000
GU26 6TY,51.1100930000,-0.7456260000
GU26 6TZ,51.1106080000,-0.7479640000
GU26 6UA,51.1105460000,-0.7476710000
GU26 6UB,51.1113770000,-0.7480200000
GU26 6UD,51.1123600000,-0.7394590000
GU26 6UE,51.1125680000,-0.7374730000
GU26 6UF,51.1124190000,-0.7378770000
GU26 6UG,51.1204090000,-0.7378970000
GU26 6UJ,51.1102820000,-0.7473210000
GU26 6UL,51.1201960000,-0.7368800000
GU26 6UQ,51.1239930000,-0.7546520000
GU26 6WD,51.0859070000,-0.7309890000
GU26 6XW,51.0859070000,-0.7309890000
GU26 6YE,51.0859070000,-0.7309890000
GU26 6AA,51.1135170000,-0.7329760000
GU26 6AB,51.1139910000,-0.7323000000
GU26 6AE,51.1141010000,-0.7308830000
GU26 6AF,51.1137130000,-0.7327420000
GU26 6AG,51.1135440000,-0.7304750000
GU26 6AJ,51.1129680000,-0.7353480000
GU26 6AL,51.1131180000,-0.7351300000
GU26 6AN,51.1132570000,-0.7313830000
GU26 6AP,51.1120020000,-0.7300740000
GU26 6AQ,51.1126770000,-0.7347360000
GU26 6AR,51.1123630000,-0.7302070000
GU26 6AS,51.1136440000,-0.7321730000
GU26 6AT,51.1132060000,-0.7307560000
GU26 6AW,51.1131200000,-0.7319870000
GU26 6AX,51.1054690000,-0.7334330000
GU26 6AY,51.1085860000,-0.7310110000
GU26 6AZ,51.1061360000,-0.7347630000
GU26 6BA,51.1017120000,-0.7355980000
GU26 6BB,51.1064510000,-0.7331120000
GU26 6BD,51.1022260000,-0.7341270000
GU26 6BE,51.1032580000,-0.7330280000
GU26 6BG,51.1136120000,-0.7425450000
GU26 6BH,51.1086070000,-0.7463090000
GU26 6BJ,51.1031160000,-0.7411680000
GU26 6BL,51.1014890000,-0.7432740000
GU26 6BN,51.1002110000,-0.7461450000
GU26 6BP,51.1020930000,-0.7392870000
GU26 6BQ,51.1080970000,-0.7406810000
GU26 6BT,51.0978570000,-0.7551550000
GU26 6BW,51.1046760000,-0.7422440000
GU26 6BY,51.1037920000,-0.7489190000
GU26 6BZ,51.1005190000,-0.7534550000
GU26 6DA,51.1023540000,-0.7577330000
GU26 6DB,51.0987220000,-0.7553030000
GU26 6DD,51.0970850000,-0.7569460000
GU26 6DE,51.0952980000,-0.7605640000
GU26 6DF,51.0966890000,-0.7583080000
GU26 6DG,51.0995420000,-0.7610310000
GU26 6DH,51.1132940000,-0.7573970000
GU26 6DJ,51.1142670000,-0.7601140000
GU26 6DL,51.1103890000,-0.7624470000
GU26 6DN,51.1009160000,-0.7788190000
GU26 6DP,51.1106990000,-0.7677090000
GU26 6DQ,51.1032430000,-0.7525530000
GU26 6DR,51.1080720000,-0.7687510000
GU26 6DS,51.1108540000,-0.7698480000
GU26 6DT,51.1046090000,-0.7703710000
GU26 6DU,51.1043440000,-0.7858280000
GU26 6DW,51.1113980000,-0.7660770000
GU26 6DX,51.1133620000,-0.7689530000
GU26 6DY,51.1135230000,-0.7697200000
GU26 6DZ,51.1129550000,-0.7704640000
GU26 6EA,51.1116980000,-0.7693210000
GU26 6EB,51.1123140000,-0.7668090000
GU26 6ED,51.1120110000,-0.7652850000
GU26 6EE,51.1117880000,-0.7671660000
GU26 6EF,51.1130660000,-0.7681320000
GU26 6EG,51.1054320000,-0.7622500000
GU26 6EH,51.1089130000,-0.7615290000
GU26 6EJ,51.1097660000,-0.7656200000
GU26 6EL,51.1053090000,-0.7473700000
GU26 6EP,51.1154680000,-0.7366460000
GU26 6ER,51.1054910000,-0.7534210000
GU26 6ES,51.1063680000,-0.7581260000
GU26 6ET,51.1074320000,-0.7583540000
GU26 6EU,51.1066730000,-0.7537750000
GU26 6EW,51.1058130000,-0.7465420000
GU26 6EX,51.1069170000,-0.7513260000
GU26 6EY,51.1067910000,-0.7488440000
GU26 6EZ,51.1064650000,-0.7461240000
GU26 6FB,51.1140190000,-0.7352340000
GU26 6FD,51.1137520000,-0.7346700000
GU26 6FE,51.1135110000,-0.7348330000
GU26 6FF,51.1139180000,-0.7342360000
GU26 6FJ,51.1142550000,-0.7342930000
GU26 6FL,51.1146500000,-0.7345740000
GU26 6HA,51.1068070000,-0.7465670000
GU26 6HB,51.1073110000,-0.7484590000
GU26 6HD,51.1082700000,-0.7496700000
GU26 6HE,51.1089470000,-0.7494570000
GU26 6HF,51.1099410000,-0.7524300000
GU26 6HG,51.1095680000,-0.7525060000
GU26 6HJ,51.1100930000,-0.7536640000
GU26 6HL,51.1089640000,-0.7543990000
GU26 6HN,51.1083470000,-0.7535110000
GU26 6HP,51.1051050000,-0.7493040000
GU26 6HQ,51.1096120000,-0.7536250000
GU26 6HR,51.1085360000,-0.7501630000
GU26 6HS,51.1098710000,-0.7517750000
GU26 6HT,51.1202030000,-0.7525970000
GU26 6HU,51.1215230000,-0.7634490000
GU26 6HW,51.1094140000,-0.7561730000
GU26 6HX,51.1229160000,-0.7650270000
GU26 6HY,51.1263420000,-0.7727520000
GU26 6HZ,51.1282200000,-0.7734740000
GU26 6JA,51.1234240000,-0.7731870000
GU26 6JB,51.1233140000,-0.7755330000
GU26 6JD,51.1265360000,-0.7835510000
GU26 6JE,51.1161290000,-0.7807090000
GU26 6JF,51.1173800000,-0.7816770000
GU26 6JG,51.1163740000,-0.7834890000
GU26 6JH,51.1171280000,-0.7859550000
GU26 6JJ,51.1143540000,-0.7769270000
GU26 6JL,51.1126980000,-0.7715990000
GU26 6JP,51.1216290000,-0.7476660000
GU26 6JQ,51.1184720000,-0.7854770000
GU26 6JR,51.1123240000,-0.7499520000
GU26 6JS,51.1097890000,-0.7483200000
GU26 6JT,51.1093290000,-0.7482040000
GU26 6JU,51.1091310000,-0.7481950000
GU26 6JW,51.1096330000,-0.7497390000
GU26 6JX,51.1089630000,-0.7480660000
GU26 6JY,51.1090190000,-0.7482210000
GU26 6JZ,51.1088560000,-0.7481110000
GU26 6LA,51.1097880000,-0.7490630000
GU26 6LB,51.1105650000,-0.7498370000
GU26 6LD,51.1105630000,-0.7508710000
GU26 6LE,51.1103540000,-0.7520280000
GU26 6LF,51.1103610000,-0.7547620000
GU26 6LG,51.1109530000,-0.7512320000
GU26 6LL,51.1106780000,-0.7599680000
GU26 6LN,51.1114650000,-0.7579610000
GU26 6LP,51.1114150000,-0.7608330000
GU26 6LQ,51.1108760000,-0.7507340000
GU26 6LR,51.1122370000,-0.7594830000
GU26 6LS,51.1122230000,-0.7611640000
GU26 6LT,51.1126130000,-0.7610300000
GU26 6LU,51.1120610000,-0.7564160000
GU26 6LW,51.1112660000,-0.7594660000
GU26 6LX,51.1121670000,-0.7550790000
GU26 6LY,51.1116860000,-0.7533400000
GU26 6LZ,51.1112180000,-0.7516390000
GU26 6NA,51.1122910000,-0.7514760000
GU26 6NB,51.1118990000,-0.7505060000
GU26 6ND,51.1119250000,-0.7509140000
GU26 6NE,51.1116090000,-0.7511420000
GU26 6NF,51.1113230000,-0.7504930000
GU26 6NG,51.1105410000,-0.7505140000
GU26 6NH,51.1114170000,-0.7568330000
GU26 6NL,51.1219620000,-0.7527010000
GU26 6NP,51.1231760000,-0.7497020000
GU26 6NQ,51.1243700000,-0.7529560000
GU26 6NR,51.1224970000,-0.7538060000
GU26 6NS,51.1215640000,-0.7567420000
GU26 6EQ,51.1127240000,-0.7327550000
GU26 6FG,51.1114620000,-0.7618890000
GU26 6FH,51.1114740000,-0.7621890000
GU26 6FN,51.1035530000,-0.7492120000
GU26 6FP,51.1040010000,-0.7486480000
GU26 6FQ,51.1055350000,-0.7461730000
GU26 6GZ,51.1221260000,-0.7549740000
GU26 6UR,51.1242380000,-0.7514880000
GU26 6UY,51.1143510000,-0.7323190000
GU26 6FR,51.1226870000,-0.7532250000
GU26 6FS,51.1109990000,-0.7475820000
GU26 6FY,51.1148040000,-0.7722820000
GU26 6FT,51.1143250000,-0.7316050000
GU26 6FU,51.1160350000,-0.7729630000
GU26 6FW,51.1156910000,-0.7736870000
GU26 6GX,51.1155410000,-0.7713480000
GU26 6GA,51.1093990000,-0.7518680000
GU26 6FZ,51.0942960000,-0.7615280000
