SE14 6RU,51.4698380000,-0.0355030000
SE14 6RW,51.4709500000,-0.0363730000
SE14 6RX,51.4708240000,-0.0353420000
SE14 6RY,51.4715340000,-0.0347100000
SE14 6RZ,51.4662600000,-0.0355670000
SE14 6SL,51.4718170000,-0.0350400000
SE14 6TA,51.4758170000,-0.0300470000
SE14 6TD,51.4758890000,-0.0306460000
SE14 6TG,51.4745350000,-0.0270900000
SE14 6TJ,51.4748830000,-0.0274900000
SE14 6TL,51.4748180000,-0.0267780000
SE14 6TN,51.4745890000,-0.0271310000
SE14 6TP,51.4738880000,-0.0276790000
SE14 6TQ,51.4752460000,-0.0271170000
SE14 6TR,51.4734720000,-0.0291110000
SE14 6TS,51.4737220000,-0.0284930000
SE14 6TT,51.4731730000,-0.0290350000
SE14 6TU,51.4737830000,-0.0294260000
SE14 6TW,51.4746100000,-0.0294190000
SE14 6TX,51.4742260000,-0.0290330000
SE14 6TY,51.4754280000,-0.0304380000
SE14 6TZ,51.4747820000,-0.0305640000
SE14 9AL,51.4746450000,-0.0455170000
SE14 5SL,51.4669740000,-0.0476050000
SE14 5SN,51.4669260000,-0.0491010000
SE14 5SQ,51.4660260000,-0.0447190000
SE14 5SR,51.4663730000,-0.0450360000
SE14 5ST,51.4841530000,-0.0477200000
SE14 5SU,51.4841160000,-0.0482670000
SE14 5SW,51.4667540000,-0.0484750000
SE14 5SX,51.4840750000,-0.0490460000
SE14 5TA,51.4735640000,-0.0470180000
SE14 5TB,51.4733340000,-0.0467540000
SE14 5TD,51.4731030000,-0.0479160000
SE14 5TE,51.4733630000,-0.0478760000
SE14 5TF,51.4724910000,-0.0467790000
SE14 5TG,51.4723470000,-0.0473030000
SE14 5TH,51.4708820000,-0.0468040000
SE14 5TJ,51.4693070000,-0.0462350000
SE14 5TL,51.4674030000,-0.0447760000
SE14 5TN,51.4679420000,-0.0463110000
SE14 5TP,51.4688810000,-0.0487580000
SE14 5TQ,51.4709710000,-0.0462790000
SE14 5TR,51.4688260000,-0.0491960000
SE14 5TS,51.4671630000,-0.0503290000
SE14 5TT,51.4684050000,-0.0504200000
SE14 5TU,51.4688510000,-0.0501590000
SE14 5TW,51.4676370000,-0.0485950000
SE14 5TY,51.4677890000,-0.0447450000
SE14 5UB,51.4666270000,-0.0494330000
SE14 5UH,51.4745790000,-0.0441690000
SE14 5UJ,51.4751260000,-0.0435700000
SE14 5UL,51.4746670000,-0.0424520000
SE14 5UP,51.4748060000,-0.0422270000
SE14 5UQ,51.4753860000,-0.0418740000
SE14 5UR,51.4750390000,-0.0421310000
SE14 5XA,51.4804020000,-0.0472010000
SE14 5XB,51.4809410000,-0.0498570000
SE14 5XD,51.4812180000,-0.0492540000
SE14 5XE,51.4813450000,-0.0482120000
SE14 5XF,51.4814370000,-0.0472430000
SE14 5XG,51.4806710000,-0.0466280000
SE14 5XH,51.4810120000,-0.0465700000
SE14 5XQ,51.4806240000,-0.0486460000
SE14 6AA,51.4748980000,-0.0396600000
SE14 6AD,51.4742490000,-0.0388250000
SE14 6AF,51.4754060000,-0.0374500000
SE14 6AG,51.4756600000,-0.0343860000
SE14 6AH,51.4745840000,-0.0396190000
SE14 6AR,51.4751260000,-0.0398370000
SE14 6AS,51.4756300000,-0.0381770000
SE14 6AT,51.4760070000,-0.0354390000
SE14 6AY,51.4762520000,-0.0340290000
SE14 6BA,51.4766880000,-0.0353780000
SE14 6BB,51.4763680000,-0.0350750000
SE14 6BD,51.4763170000,-0.0357830000
SE14 6BJ,51.4757810000,-0.0391760000
SE14 6BL,51.4767240000,-0.0396680000
SE14 6BQ,51.4760370000,-0.0372520000
SE14 6BW,51.4770380000,-0.0407060000
SE14 6BX,51.4754080000,-0.0394650000
SE14 6BY,51.4803310000,-0.0343430000
SE14 6DB,51.4776300000,-0.0389960000
SE14 6DE,51.4782460000,-0.0397760000
SE14 6DF,51.4778790000,-0.0409580000
SE14 6DG,51.4769730000,-0.0379000000
SE14 6DH,51.4786340000,-0.0414870000
SE14 6DJ,51.4785440000,-0.0403970000
SE14 6DL,51.4789740000,-0.0414150000
SE14 6DN,51.4771890000,-0.0390000000
SE14 6DQ,51.4776840000,-0.0384600000
SE14 6DS,51.4796700000,-0.0329340000
SE14 6DT,51.4785690000,-0.0349230000
SE14 6DU,51.4802570000,-0.0417780000
SE14 6DW,51.4779300000,-0.0402930000
SE14 6DX,51.4801290000,-0.0330120000
SE14 6DY,51.4812200000,-0.0337290000
SE14 6DZ,51.4807130000,-0.0421470000
SE14 6EA,51.4757390000,-0.0378670000
SE14 6ED,51.4808210000,-0.0324930000
SE14 6EF,51.4806600000,-0.0330620000
SE14 6EG,51.4790360000,-0.0359690000
SE14 6EN,51.4807750000,-0.0339520000
SE14 6EP,51.4760260000,-0.0371640000
SE14 6EQ,51.4804050000,-0.0328570000
SE14 6ES,51.4796250000,-0.0399610000
SE14 6ET,51.4794850000,-0.0397080000
SE14 6EU,51.4806080000,-0.0380180000
SE14 6EX,51.4819860000,-0.0402630000
SE14 6EY,51.4816510000,-0.0390540000
SE14 6EZ,51.4803700000,-0.0399290000
SE14 6FB,51.4803380000,-0.0331360000
SE14 6HA,51.4808970000,-0.0396910000
SE14 6HB,51.4806020000,-0.0392860000
SE14 6HD,51.4808180000,-0.0408750000
SE14 6HE,51.4814200000,-0.0402880000
SE14 6HF,51.4818100000,-0.0383700000
SE14 6HG,51.4803410000,-0.0403480000
SE14 6HH,51.4807960000,-0.0363250000
SE14 6HJ,51.4804590000,-0.0387880000
SE14 6HL,51.4804590000,-0.0387880000
SE14 6HP,51.4804970000,-0.0410330000
SE14 6HQ,51.4811450000,-0.0367850000
SE14 6HS,51.4812130000,-0.0397490000
SE14 6HT,51.4811270000,-0.0378810000
SE14 6HU,51.4792230000,-0.0369250000
SE14 6HW,51.4818460000,-0.0405140000
SE14 6HZ,51.4800280000,-0.0377260000
SE14 6JA,51.4795990000,-0.0373410000
SE14 6JB,51.4799150000,-0.0401500000
SE14 6JD,51.4812340000,-0.0410010000
SE14 6JE,51.4815220000,-0.0410320000
SE14 6JF,51.4803980000,-0.0372340000
SE14 6JG,51.4797900000,-0.0363970000
SE14 6JH,51.4792870000,-0.0364330000
SE14 6JJ,51.4803840000,-0.0364440000
SE14 6JL,51.4803220000,-0.0359850000
SE14 6JP,51.4762080000,-0.0367120000
SE14 6JQ,51.4799250000,-0.0364490000
SE14 6JR,51.4814360000,-0.0380690000
SE14 6JU,51.4818990000,-0.0393740000
SE14 6JW,51.4781130000,-0.0372320000
SE14 6JX,51.4795080000,-0.0377660000
SE14 6JY,51.4823610000,-0.0411830000
SE14 6LA,51.4760630000,-0.0328880000
SE14 6LD,51.4762880000,-0.0319100000
SE14 6LE,51.4776040000,-0.0326030000
SE14 6LF,51.4780990000,-0.0320660000
SE14 6LG,51.4794440000,-0.0318900000
SE14 6LH,51.4788030000,-0.0338760000
SE14 6LL,51.4769080000,-0.0334680000
SE14 6LR,51.4789290000,-0.0371110000
SE14 6LS,51.4752300000,-0.0347780000
SE14 6LU,51.4781060000,-0.0367750000
SE14 6NB,51.4824970000,-0.0423440000
SE14 6NE,51.4789640000,-0.0316940000
SE14 6NF,51.4788930000,-0.0381350000
SE14 6NG,51.4788550000,-0.0391010000
SE14 6NH,51.4747580000,-0.0372040000
SE14 6NJ,51.4733990000,-0.0387160000
SE14 6NL,51.4746770000,-0.0366450000
SE14 6NP,51.4741180000,-0.0344090000
SE14 5AA,51.4748390000,-0.0468510000
SE14 5AD,51.4740850000,-0.0453250000
SE14 5AE,51.4746950000,-0.0484410000
SE14 5AF,51.4742370000,-0.0506500000
SE14 5AH,51.4745580000,-0.0467740000
SE14 5AP,51.4789920000,-0.0510520000
SE14 5AQ,51.4750770000,-0.0455420000
SE14 5AR,51.4750960000,-0.0471430000
SE14 5AS,51.4753820000,-0.0480990000
SE14 5BA,51.4758930000,-0.0480990000
SE14 5BD,51.4771020000,-0.0510430000
SE14 5BE,51.4779290000,-0.0531820000
SE14 5BG,51.4777190000,-0.0529610000
SE14 5BH,51.4771680000,-0.0522930000
SE14 5BJ,51.4737640000,-0.0536040000
SE14 5BN,51.4751200000,-0.0529420000
SE14 5BQ,51.4775570000,-0.0523920000
SE14 5BS,51.4739600000,-0.0529910000
SE14 5BT,51.4741120000,-0.0529410000
SE14 5BU,51.4746620000,-0.0524720000
SE14 5BW,51.4762460000,-0.0524940000
SE14 5BX,51.4742090000,-0.0522750000
SE14 5BY,51.4756160000,-0.0530360000
SE14 5BZ,51.4737820000,-0.0520050000
SE14 5DB,51.4794500000,-0.0521240000
SE14 5DF,51.4789930000,-0.0522730000
SE14 5DG,51.4748570000,-0.0462890000
SE14 5DJ,51.4760640000,-0.0474900000
SE14 5DL,51.4797630000,-0.0504110000
SE14 5DN,51.4800180000,-0.0516720000
SE14 5DP,51.4772410000,-0.0496400000
SE14 5DS,51.4781590000,-0.0523110000
SE14 5DW,51.4769530000,-0.0490910000
SE14 5EA,51.4794520000,-0.0506260000
SE14 5EB,51.4797170000,-0.0509310000
SE14 6NQ,51.4789920000,-0.0381880000
SE14 6NR,51.4733500000,-0.0352770000
SE14 6NS,51.4725690000,-0.0358860000
SE14 6NT,51.4716380000,-0.0361280000
SE14 6NU,51.4726410000,-0.0353250000
SE14 6NW,51.4741440000,-0.0354010000
SE14 6NX,51.4735660000,-0.0341730000
SE14 6NY,51.4726560000,-0.0327550000
SE14 6NZ,51.4724920000,-0.0339600000
SE14 6PA,51.4719100000,-0.0330640000
SE14 6PB,51.4727140000,-0.0327550000
SE14 6PD,51.4716760000,-0.0308850000
SE14 6PG,51.4712340000,-0.0351230000
SE14 6PH,51.4718420000,-0.0343480000
SE14 6PJ,51.4716120000,-0.0340270000
SE14 6PL,51.4711620000,-0.0345790000
SE14 6PN,51.4706850000,-0.0345130000
SE14 6PP,51.4753670000,-0.0353800000
SE14 6PS,51.4729020000,-0.0342620000
SE14 6PW,51.4713640000,-0.0337240000
SE14 6PX,51.4708150000,-0.0342340000
SE14 6QA,51.4751770000,-0.0342770000
SE14 6QB,51.4749160000,-0.0336570000
SE14 6QD,51.4740010000,-0.0335780000
SE14 6QE,51.4746030000,-0.0327750000
SE14 6QF,51.4743120000,-0.0331190000
SE14 6QJ,51.4727510000,-0.0317460000
SE14 6QL,51.4728480000,-0.0305470000
SE14 6QP,51.4717600000,-0.0299920000
SE14 6QQ,51.4744930000,-0.0321030000
SE14 6RF,51.4712740000,-0.0369360000
SE14 6RG,51.4697530000,-0.0368710000
SE14 6RH,51.4669140000,-0.0365320000
SE14 6RL,51.4682320000,-0.0362600000
SE14 6RN,51.4670870000,-0.0361070000
SE14 6RP,51.4696560000,-0.0364720000
SE14 6RQ,51.4682110000,-0.0366490000
SE14 6RR,51.4710210000,-0.0357940000
SE14 6RS,51.4696220000,-0.0360420000
SE14 6RT,51.4685760000,-0.0358710000
SE14 5EE,51.4784180000,-0.0485240000
SE14 5EG,51.4788620000,-0.0487070000
SE14 5EH,51.4784520000,-0.0472990000
SE14 5EJ,51.4795850000,-0.0478260000
SE14 5EL,51.4795070000,-0.0490830000
SE14 5EN,51.4792460000,-0.0490940000
SE14 5EQ,51.4785750000,-0.0476770000
SE14 5ET,51.4746450000,-0.0455170000
SE14 5EU,51.4803320000,-0.0510920000
SE14 5EW,51.4798470000,-0.0494450000
SE14 5EX,51.4802010000,-0.0502910000
SE14 5EY,51.4781130000,-0.0484250000
SE14 5EZ,51.4801540000,-0.0501640000
SE14 5GE,51.4835450000,-0.0436820000
SE14 5HD,51.4742640000,-0.0474080000
SE14 5HQ,51.4741940000,-0.0497270000
SE14 5HS,51.4752950000,-0.0499680000
SE14 5HT,51.4765630000,-0.0499570000
SE14 5HU,51.4763920000,-0.0505260000
SE14 5HW,51.4759270000,-0.0495670000
SE14 5HX,51.4760190000,-0.0502250000
SE14 5HY,51.4760850000,-0.0509710000
SE14 5HZ,51.4748020000,-0.0517030000
SE14 5JA,51.4749580000,-0.0508170000
SE14 5JB,51.4740090000,-0.0515920000
SE14 5JD,51.4734750000,-0.0524650000
SE14 5JE,51.4764720000,-0.0510120000
SE14 5JF,51.4758120000,-0.0518470000
SE14 5JG,51.4761200000,-0.0514740000
SE14 5JH,51.4769310000,-0.0520580000
SE14 5JN,51.4738580000,-0.0473390000
SE14 5JQ,51.4744600000,-0.0516740000
SE14 5JR,51.4742060000,-0.0509650000
SE14 5LA,51.4724280000,-0.0489670000
SE14 5LB,51.4708840000,-0.0480830000
SE14 5LD,51.4718770000,-0.0482990000
SE14 5LE,51.4726900000,-0.0484550000
SE14 5LF,51.4718230000,-0.0504330000
SE14 5LG,51.4720860000,-0.0511560000
SE14 5LJ,51.4710180000,-0.0506720000
SE14 5LL,51.4727950000,-0.0516010000
SE14 5LN,51.4705390000,-0.0505590000
SE14 5LP,51.4723120000,-0.0501380000
SE14 5LQ,51.4718880000,-0.0511070000
SE14 5LR,51.4703440000,-0.0496750000
SE14 5LS,51.4698080000,-0.0498710000
SE14 5LT,51.4700970000,-0.0488940000
SE14 5LU,51.4689750000,-0.0478790000
SE14 5LW,51.4703390000,-0.0504240000
SE14 5LX,51.4690740000,-0.0473570000
SE14 5LY,51.4703690000,-0.0484360000
SE14 5LZ,51.4729560000,-0.0498800000
SE14 5NA,51.4720040000,-0.0493910000
SE14 5NB,51.4713960000,-0.0501520000
SE14 5ND,51.4706270000,-0.0499370000
SE14 5NE,51.4709220000,-0.0498230000
SE14 5NH,51.4715770000,-0.0399640000
SE14 5NJ,51.4695070000,-0.0420250000
SE14 5NL,51.4693780000,-0.0429090000
SE14 5NN,51.4699520000,-0.0423200000
SE14 5NP,51.4705090000,-0.0428430000
SE14 5NQ,51.4736080000,-0.0404640000
SE14 5NR,51.4715140000,-0.0416050000
SE14 5NS,51.4713560000,-0.0428960000
SE14 5NT,51.4716800000,-0.0429230000
SE14 5NU,51.4719730000,-0.0410960000
SE14 5NW,51.4708000000,-0.0413510000
SE14 5NX,51.4727150000,-0.0407830000
SE14 5NY,51.4733670000,-0.0410940000
SE14 5PE,51.4704600000,-0.0490510000
SE14 5PG,51.4739950000,-0.0437020000
SE14 5PH,51.4740180000,-0.0445360000
SE14 5PJ,51.4740420000,-0.0435710000
SE14 5PL,51.4744960000,-0.0409010000
SE14 5PN,51.4734630000,-0.0420000000
SE14 5PP,51.4722520000,-0.0427110000
SE14 5PW,51.4724930000,-0.0431170000
SE14 5PY,51.4749730000,-0.0451320000
SE14 5PZ,51.4790660000,-0.0436860000
SE14 5QA,51.4750990000,-0.0451410000
SE14 5QB,51.4781210000,-0.0436120000
SE14 5QD,51.4754990000,-0.0449330000
SE14 5QE,51.4757370000,-0.0451140000
SE14 5QF,51.4757660000,-0.0431510000
SE14 5QG,51.4767260000,-0.0435850000
SE14 5QH,51.4763970000,-0.0453850000
SE14 5QJ,51.4769280000,-0.0448720000
SE14 5QL,51.4768050000,-0.0466090000
SE14 5QN,51.4770490000,-0.0467250000
SE14 5QP,51.4775640000,-0.0441570000
SE14 5QQ,51.4761860000,-0.0451090000
SE14 5QR,51.4779480000,-0.0440080000
SE14 5QS,51.4791290000,-0.0452680000
SE14 5QT,51.4775670000,-0.0449310000
SE14 5QU,51.4778030000,-0.0450220000
SE14 5QW,51.4771540000,-0.0449350000
SE14 5QX,51.4782240000,-0.0465740000
SE14 5QY,51.4785510000,-0.0462000000
SE14 5QZ,51.4782030000,-0.0453220000
SE14 5RA,51.4788610000,-0.0453800000
SE14 5RB,51.4804680000,-0.0457580000
SE14 5RD,51.4799950000,-0.0487160000
SE14 5RE,51.4799250000,-0.0471640000
SE14 5RF,51.4803050000,-0.0489620000
SE14 5RL,51.4859860000,-0.0449340000
SE14 5RN,51.4792010000,-0.0447750000
SE14 5RP,51.4817160000,-0.0467270000
SE14 5RQ,51.4799000000,-0.0446010000
SE14 5RR,51.4823170000,-0.0461250000
SE14 5RS,51.4846200000,-0.0455540000
SE14 5RT,51.4846170000,-0.0480610000
SE14 5RU,51.4826430000,-0.0470190000
SE14 5RW,51.4829820000,-0.0454800000
SE14 5RX,51.4828050000,-0.0478620000
SE14 5RY,51.4833680000,-0.0487450000
SE14 5RZ,51.4836520000,-0.0474220000
SE14 5SA,51.4727400000,-0.0449680000
SE14 5SB,51.4730400000,-0.0457330000
SE14 5SD,51.4711670000,-0.0450900000
SE14 5SE,51.4699280000,-0.0440950000
SE14 5SF,51.4673330000,-0.0432410000
SE14 5SG,51.4667070000,-0.0439590000
SE14 5SH,51.4665950000,-0.0459620000
SE14 5SJ,51.4664410000,-0.0468930000
SE14 5AW,51.4778030000,-0.0487550000
SE14 5BB,51.4775960000,-0.0482710000
SE14 5BF,51.4738420000,-0.0453210000
SE14 5FA,51.4774490000,-0.0502100000
SE14 5FB,51.4785920000,-0.0518750000
SE14 5FD,51.4780190000,-0.0509350000
SE14 5FF,51.4771880000,-0.0486050000
SE14 5FG,51.4773290000,-0.0484550000
SE14 5FH,51.4783380000,-0.0496510000
SE14 5FJ,51.4787710000,-0.0503040000
SE14 5FL,51.4786770000,-0.0499960000
SE14 5FN,51.4778580000,-0.0504380000
SE14 5FP,51.4776410000,-0.0504040000
SE14 5FR,51.4774320000,-0.0491880000
SE14 5FS,51.4783770000,-0.0503040000
SE14 5FT,51.4782650000,-0.0501000000
SE14 5FU,51.4774600000,-0.0486830000
SE14 5FW,51.4780390000,-0.0499980000
SE14 5FX,51.4781450000,-0.0505570000
SE14 5FY,51.4769560000,-0.0524200000
SE14 5HP,51.4762130000,-0.0494680000
SE14 5PR,51.4746450000,-0.0455170000
SE14 6AJ,51.4756280000,-0.0290010000
SE14 6AL,51.4758170000,-0.0300730000
SE14 6AN,51.4782500000,-0.0357570000
SE14 6AX,51.4765040000,-0.0372870000
SE14 6LJ,51.4791200000,-0.0323240000
SE14 6NA,51.4832320000,-0.0416240000
SE14 9BA,51.4746460000,-0.0454910000
SE14 9BP,51.4746450000,-0.0455170000
SE14 6AW,51.4761570000,-0.0385690000
SE14 6BG,51.4820160000,-0.0355700000
SE14 6BH,51.4816740000,-0.0350370000
SE14 6BN,51.4814940000,-0.0344540000
SE14 6BS,51.4812400000,-0.0348970000
SE14 6BT,51.4815930000,-0.0355590000
SE14 6BU,51.4818440000,-0.0360670000
SE14 6AQ,51.4759930000,-0.0378990000
SE14 5FZ,51.4839660000,-0.0451790000
SE14 6AZ,51.4806390000,-0.0344190000
SE14 6BP,51.4810310000,-0.0347480000
SE14 6FD,51.4761230000,-0.0337780000
SE14 9DL,51.4746460000,-0.0454910000
SE14 6BF,51.4822710000,-0.0362930000
SE14 6FA,51.4818670000,-0.0352590000
SE14 6FE,51.4761850000,-0.0391180000
SE14 5GA,51.4755990000,-0.0525360000
SE14 9EE,51.4746460000,-0.0454910000
SE14 6FF,51.4794740000,-0.0325540000
SE14 6FG,51.4795010000,-0.0330850000
SE14 6FH,51.4761850000,-0.0391180000
SE14 6FJ,51.4761850000,-0.0391180000
SE14 6FL,51.4794990000,-0.0329560000
SE14 6FN,51.4790610000,-0.0325860000
SE14 9EP,51.4746460000,-0.0454910000
SE14 9EQ,51.4746460000,-0.0454910000
SE14 9ER,51.4746460000,-0.0454910000
SE14 9ES,51.4746460000,-0.0454910000
