TW6 1NP,51.4719140000,-0.4588600000
TW6 1NS,51.4708360000,-0.4582830000
TW6 1PE,51.4708360000,-0.4582830000
TW6 1PG,51.4708360000,-0.4582830000
TW6 1PJ,51.4604880000,-0.4687360000
TW6 1PY,51.4738580000,-0.4542930000
TW6 1PZ,51.4708360000,-0.4582830000
TW6 1QB,51.4703000000,-0.4585250000
TW6 1QG,51.4708360000,-0.4582830000
TW6 1QT,51.4730760000,-0.4563350000
TW6 1RA,51.4708360000,-0.4582830000
TW6 1RU,51.4729300000,-0.4554620000
TW6 1SD,51.4735280000,-0.4551390000
TW6 1SL,51.4711950000,-0.4527070000
TW6 1ST,51.4702710000,-0.3609850000
TW6 1SX,51.4730330000,-0.4571860000
TW6 2AA,51.4808710000,-0.4184700000
TW6 2AB,51.4801330000,-0.4243860000
TW6 2AH,51.4805510000,-0.4422580000
TW6 2AL,51.4803750000,-0.4304260000
TW6 2AP,51.4807550000,-0.4433740000
TW6 2AQ,51.4804950000,-0.4455140000
TW6 2AS,51.4804600000,-0.4384430000
TW6 2AU,51.4810700000,-0.4508660000
TW6 2BJ,51.4755680000,-0.4233330000
TW6 2BP,51.4804600000,-0.4384430000
TW6 2BW,51.4757630000,-0.4237880000
TW6 2DL,51.4802590000,-0.4372270000
TW6 2DN,51.4698830000,-0.4224640000
TW6 2DT,51.4801660000,-0.4362940000
TW6 2EB,51.4802410000,-0.4290910000
TW6 2ES,51.4757630000,-0.4237880000
TW6 2FB,51.4808750000,-0.4689320000
TW6 2GA,51.4714920000,-0.4872590000
TW6 2GB,51.4699600000,-0.4814780000
TW6 2GD,51.4733730000,-0.4915110000
TW6 2GE,51.4677120000,-0.4215540000
TW6 2GW,51.4808750000,-0.4689320000
TW6 2GX,51.4796470000,-0.4879390000
TW6 2LA,51.4803580000,-0.4487160000
TW6 2PL,51.4718460000,-0.4273490000
TW6 2PX,51.4720580000,-0.4310800000
TW6 2QA,51.4798830000,-0.4312490000
TW6 2QD,51.4795940000,-0.4740730000
TW6 2QE,51.4795580000,-0.4713520000
TW6 2RE,51.4805510000,-0.4422580000
TW6 2RF,51.4758590000,-0.4242450000
TW6 2RG,51.4788900000,-0.4249040000
TW6 2RL,51.4801840000,-0.4586100000
TW6 2RN,51.4759610000,-0.4257190000
TW6 2RP,51.4795320000,-0.4762640000
TW6 2RR,51.4801830000,-0.4586300000
TW6 2RS,51.4798990000,-0.4331010000
TW6 2RT,51.4803780000,-0.4354230000
TW6 2RX,51.4758170000,-0.4257580000
TW6 2RY,51.4795320000,-0.4762640000
TW6 2SB,51.4769110000,-0.4221780000
TW6 2SD,51.4793280000,-0.4254360000
TW6 2SF,51.4805210000,-0.4413230000
TW6 2SN,51.4804600000,-0.4384430000
TW6 2SQ,51.4705400000,-0.4145020000
TW6 2SU,51.4798230000,-0.4341890000
TW6 2SX,51.4758200000,-0.4253120000
TW6 2TA,51.4804720000,-0.4403880000
TW6 2UA,51.4735240000,-0.4317640000
TW6 3AE,51.4668530000,-0.4245120000
TW6 3AF,51.4586730000,-0.4416060000
TW6 3AQ,51.4586500000,-0.4629830000
TW6 3FB,51.4592580000,-0.4477300000
TW6 3JF,51.4557270000,-0.4553950000
TW6 3JJ,51.4589130000,-0.4665380000
TW6 3LW,51.4586420000,-0.4651130000
TW6 3PF,51.4612610000,-0.4818530000
TW6 3QY,51.4588540000,-0.4696260000
TW6 3RE,51.4666850000,-0.4233810000
TW6 3RG,51.4624290000,-0.4686860000
TW6 3RN,51.4610260000,-0.4706910000
TW6 3RT,51.4601170000,-0.4706910000
TW6 3RY,51.4624290000,-0.4686860000
TW6 3SF,51.4619340000,-0.4748350000
TW6 3SH,51.4623250000,-0.4758870000
TW6 3SJ,51.4618970000,-0.4706610000
TW6 3SL,51.4616470000,-0.4748100000
TW6 3SN,51.4616460000,-0.4748780000
TW6 3SY,51.4613990000,-0.4369210000
TW6 3UA,51.4617460000,-0.4686740000
TW6 3XA,51.4596670000,-0.4473530000
TW6 3XB,51.4596670000,-0.4473730000
TW6 3XE,51.4597780000,-0.4473810000
TW6 3XL,51.4550780000,-0.4491560000
TW6 3XQ,51.4592580000,-0.4477300000
TW6 3XZ,51.4592580000,-0.4477300000
TW6 3YD,51.4592950000,-0.4450690000
TW6 3YH,51.4544520000,-0.4480690000
TW6 1AA,51.4708360000,-0.4582830000
TW6 1AP,51.4723850000,-0.4509390000
TW6 1AU,51.4708360000,-0.4582830000
TW6 1BP,51.4722580000,-0.4508910000
TW6 1BZ,51.4708360000,-0.4582830000
TW6 1DB,51.4714080000,-0.4532530000
TW6 1DJ,51.4711690000,-0.4535340000
TW6 1EL,51.4702710000,-0.3609850000
TW6 1EW,51.4697060000,-0.4495790000
TW6 1FB,51.4723850000,-0.4509590000
TW6 1LW,51.4708360000,-0.4582830000
TW6 1NB,51.4719060000,-0.4583470000
TW6 1ND,51.4719060000,-0.4583470000
TW6 1NG,51.4719060000,-0.4583470000
TW6 1GR,51.4723850000,-0.4509590000
TW6 1PA,51.4708360000,-0.4582830000
TW6 1TA,51.4723850000,-0.4509590000
TW6 2FA,51.4805510000,-0.4422580000
TW6 2FF,51.4699850000,-0.4889640000
TW6 2JA,51.4702710000,-0.3609850000
TW6 2QF,51.4711690000,-0.4535340000
TW6 3FD,51.4622150000,-0.4571620000
TW6 3FE,51.4559180000,-0.4467380000
TW6 3PR,51.4592240000,-0.4718160000
TW6 1AH,51.4699020000,-0.4535860000
TW6 1BB,51.4701570000,-0.4565000000
TW6 3FF,51.4586500000,-0.4629620000
TW6 2FG,51.4792650000,-0.4510570000
TW6 2FH,51.4725230000,-0.4262320000
TW6 3FH,51.4597130000,-0.4399810000
TW6 2FL,51.4805060000,-0.4394740000
TW6 2FN,51.4805060000,-0.4394740000
TW6 3FJ,51.4588610000,-0.4435220000
